Date,Year,Nest,Site,Camera  Status,Fate,Nest Status,LDLD,Nest Stage,Cause,Cause2,notes/nature of failure
4/25/2018,2018,009,9,1,,0,10,Incubation,Success,Success,
4/26/2018,2018,009,9,1,,0,10,Incubation,Success,Success,
4/27/2018,2018,009,9,1,,0,10,Incubation,Success,Success,
4/28/2018,2018,009,9,1,,0,10,Nestling,Success,Success,
4/29/2018,2018,009,9,1,,0,10,Nestling,Success,Success,
4/30/2018,2018,009,9,1,,0,10,Nestling,Success,Success,
5/1/2018,2018,009,9,1,,0,10,Nestling,Success,Success,
5/2/2018,2018,009,9,1,,0,10,Nestling,Success,Success,
5/3/2018,2018,009,9,1,,0,10,Nestling,Success,Success,
5/4/2018,2018,009,9,1,,0,10,Nestling,Success,Success,
5/5/2018,2018,009,9,1,,0,10,Nestling,Success,Success,
5/6/2018,2018,009,9,1,,0,10,Nestling,Success,Success,
5/7/2018,2018,009,9,1,fledged,0,10,Nestling,Success,Success,
4/19/2018,2018,017,17,1,,0,10,Incubation,Success,Success,
4/20/2018,2018,017,17,1,,0,10,Incubation,Success,Success,
4/21/2018,2018,017,17,1,,0,10,Incubation,Success,Success,
4/22/2018,2018,017,17,1,,0,10,Incubation,Success,Success,
4/23/2018,2018,017,17,1,,0,10,Incubation,Success,Success,
4/24/2018,2018,017,17,1,,0,10,Incubation,Success,Success,
4/25/2018,2018,017,17,1,,0,10,Incubation,Success,Success,
4/26/2018,2018,017,17,1,,0,10,Incubation,Success,Success,video ends at 4pm
4/27/2018,2018,017,17,0,,0,0,Incubation,Success,Success,
4/28/2018,2018,017,17,0,,0,0,Nestling,Success,Success,
4/29/2018,2018,017,17,1,,0,10,Nestling,Success,Success,video resumes at 1am
4/30/2018,2018,017,17,1,,0,10,Nestling,Success,Success,
5/1/2018,2018,017,17,1,,0,10,Nestling,Success,Success,
5/2/2018,2018,017,17,1,,0,10,Nestling,Success,Success,
5/3/2018,2018,017,17,1,,0,10,Nestling,Success,Success,night time footage black
5/4/2018,2018,017,17,1,,0,10,Nestling,Success,Success,night time footage black
5/5/2018,2018,017,17,1,,0,10,Nestling,Success,Success,night time footage black
5/6/2018,2018,017,17,1,,0,10,Nestling,Success,Success,night time footage black
5/7/2018,2018,017,17,1,fledged,0,10,Nestling,Success,Success,night time footage black
5/9/2018,2018,018,18,1,,0,10,Incubation,Unknown,Other,
5/10/2018,2018,018,18,1,,0,10,Incubation,Unknown,Other,
5/11/2018,2018,018,18,1,,0,10,Incubation,Unknown,Other,cuts at 8am
5/12/2018,2018,018,18,0,,0,0,Incubation,Unknown,Other,
5/13/2018,2018,018,18,1,,0,10,Nestling,Unknown,Other,returns at 4pm
5/14/2018,2018,018,18,1,failed,1,11,Nestling,Unknown,Other,reason unknown
4/25/2018,2018,025,25,1,,0,10,Incubation,Raven,Native,
4/26/2018,2018,025,25,1,,0,10,Incubation,Raven,Native,
4/27/2018,2018,025,25,1,,0,10,Incubation,Raven,Native,
4/28/2018,2018,025,25,1,,0,10,Incubation,Raven,Native,
4/29/2018,2018,025,25,1,,0,10,Nestling,Raven,Native,
4/30/2018,2018,025,25,1,,0,10,Nestling,Raven,Native,night time footage black
5/1/2018,2018,025,25,1,predated,1,11,Nestling,Raven,Native,corvid; night time footage black
5/3/2018,2018,045,45,1,,0,10,Incubation,Success,Success,
5/4/2018,2018,045,45,1,,0,10,Nestling,Success,Success,
5/5/2018,2018,045,45,1,,0,10,Nestling,Success,Success,
5/6/2018,2018,045,45,1,,0,10,Nestling,Success,Success,
5/7/2018,2018,045,45,1,,0,10,Nestling,Success,Success,
5/8/2018,2018,045,45,1,,0,10,Nestling,Success,Success,
5/9/2018,2018,045,45,1,,0,10,Nestling,Success,Success,
5/10/2018,2018,045,45,1,,0,10,Nestling,Success,Success,
5/11/2018,2018,045,45,1,,0,10,Nestling,Success,Success,
5/12/2018,2018,045,45,1,,0,10,Nestling,Success,Success,
5/13/2018,2018,045,45,1,,0,10,Nestling,Success,Success,
5/14/2018,2018,045,45,1,fledged,0,10,Nestling,Success,Success,
5/16/2018,2018,047,47,1,,0,10,Incubation,Success,Success,
5/17/2018,2018,047,47,1,,0,10,Incubation,Success,Success,
5/18/2018,2018,047,47,1,,0,10,Nestling,Success,Success,
5/19/2018,2018,047,47,1,,0,10,Nestling,Success,Success,
5/20/2018,2018,047,47,1,,0,10,Nestling,Success,Success,
5/21/2018,2018,047,47,1,,0,10,Nestling,Success,Success,night time footage black
5/22/2018,2018,047,47,1,,0,10,Nestling,Success,Success,night time footage black
5/23/2018,2018,047,47,1,,0,10,Nestling,Success,Success,
5/24/2018,2018,047,47,1,,0,10,Nestling,Success,Success,
5/25/2018,2018,047,47,1,,0,10,Nestling,Success,Success,
5/26/2018,2018,047,47,1,,0,10,Nestling,Success,Success,
5/27/2018,2018,047,47,1,,0,10,Nestling,Success,Success,
5/28/2018,2018,047,47,1,,0,10,Nestling,Success,Success,cuts at 4pm
5/29/2018,2018,047,47,1,fledged,0,0,Nestling,Success,Success,
2/23/2017,2017,003,3,1,,0,10,Incubation,Success,Success,
2/24/2017,2017,003,3,1,,0,10,Incubation,Success,Success,
2/25/2017,2017,003,3,1,,0,10,Incubation,Success,Success,
2/26/2017,2017,003,3,1,,0,10,Incubation,Success,Success,
2/27/2017,2017,003,3,1,,0,10,Incubation,Success,Success,
2/28/2017,2017,003,3,1,,0,10,Incubation,Success,Success,
3/1/2017,2017,003,3,1,,0,10,Incubation,Success,Success,
3/2/2017,2017,003,3,1,,0,10,Incubation,Success,Success,
3/3/2017,2017,003,3,1,,0,10,Incubation,Success,Success,
3/4/2017,2017,003,3,1,,0,10,Incubation,Success,Success,
3/5/2017,2017,003,3,1,,0,10,Nestling,Success,Success,
3/6/2017,2017,003,3,1,,0,10,Nestling,Success,Success,
3/7/2017,2017,003,3,1,,0,10,Nestling,Success,Success,
3/8/2017,2017,003,3,1,,0,10,Nestling,Success,Success,
3/9/2017,2017,003,3,1,,0,10,Nestling,Success,Success,
3/10/2017,2017,003,3,1,,0,10,Nestling,Success,Success,
3/11/2017,2017,003,3,1,,0,10,Nestling,Success,Success,
3/12/2017,2017,003,3,1,,0,10,Nestling,Success,Success,
3/13/2017,2017,003,3,1,,0,10,Nestling,Success,Success,
3/14/2017,2017,003,3,1,,0,10,Nestling,Success,Success,
3/15/2017,2017,003,3,1,fledged,0,10,Nestling,Success,Success,
3/13/2017,2017,012,12,1,,0,10,Incubation,Success,Success,
3/14/2017,2017,012,12,1,,0,10,Incubation,Success,Success,
3/15/2017,2017,012,12,1,,0,10,Nestling,Success,Success,
3/16/2017,2017,012,12,1,,0,10,Nestling,Success,Success,
3/17/2017,2017,012,12,1,,0,10,Nestling,Success,Success,
3/18/2017,2017,012,12,1,,0,10,Nestling,Success,Success,
3/19/2017,2017,012,12,1,,0,10,Nestling,Success,Success,
3/20/2017,2017,012,12,1,,0,10,Nestling,Success,Success,
3/21/2017,2017,012,12,1,,0,10,Nestling,Success,Success,
3/22/2017,2017,012,12,1,,0,10,Nestling,Success,Success,
3/23/2017,2017,012,12,1,cuts at 8am,0,10,Nestling,Success,Success,
3/24/2017,2017,012,12,0,,0,0,Nestling,Success,Success,
3/25/2017,2017,012,12,0,,0,0,Nestling,Success,Success,
3/26/2017,2017,012,12,0,,0,0,Nestling,Success,Success,
3/27/2017,2017,012,12,1,fledged,0,0,Nestling,Success,Success,
4/21/2017,2017,051,51,1,,0,10,Nestling,Success,Success,
4/22/2017,2017,051,51,1,,0,10,Nestling,Success,Success,
4/23/2017,2017,051,51,1,cuts 720pm,0,10,Nestling,Success,Success,
4/24/2017,2017,051,51,0,,0,0,Nestling,Success,Success,
4/25/2017,2017,051,51,1,starts 0940,0,10,Nestling,Success,Success,
4/26/2017,2017,051,51,1,,0,10,Nestling,Success,Success,
4/27/2017,2017,051,51,1,,0,10,Nestling,Success,Success,
4/28/2017,2017,051,51,1,,0,10,Nestling,Success,Success,
4/29/2017,2017,051,51,1,,0,10,Nestling,Success,Success,
4/30/2017,2017,051,51,1,,0,10,Nestling,Success,Success,
5/1/2017,2017,051,51,1,,0,10,Nestling,Success,Success,
5/2/2017,2017,051,51,1,,0,10,Nestling,Success,Success,
5/3/2017,2017,051,51,1,,0,10,Nestling,Success,Success,
5/4/2017,2017,051,51,1,,0,10,Nestling,Success,Success,
5/5/2017,2017,051,51,1,,0,10,Nestling,Success,Success,
5/6/2017,2017,051,51,1,fledged,0,10,Nestling,Success,Success,
5/8/2017,2017,068,68,1,,0,10,Incubation,Rat,Invasive,
5/9/2017,2017,068,68,1,,0,10,Incubation,Rat,Invasive,
5/10/2017,2017,068,68,1,,0,10,Incubation,Rat,Invasive,
5/11/2017,2017,068,68,1,,0,10,Incubation,Rat,Invasive,
5/12/2017,2017,068,68,1,,0,10,Incubation,Rat,Invasive,
5/13/2017,2017,068,68,1,,0,10,Incubation,Rat,Invasive,
5/14/2017,2017,068,68,1,,0,10,Nestling,Rat,Invasive,
5/15/2017,2017,068,68,1,,0,10,Nestling,Rat,Invasive,
5/16/2017,2017,068,68,1,,0,10,Nestling,Rat,Invasive,
5/17/2017,2017,068,68,1,,0,10,Nestling,Rat,Invasive,
5/18/2017,2017,068,68,1,,0,10,Nestling,Rat,Invasive,
5/19/2017,2017,068,68,1,,0,10,Nestling,Rat,Invasive,
5/20/2017,2017,068,68,1,,0,10,Nestling,Rat,Invasive,
5/21/2017,2017,068,68,1,predated,1,11,Nestling,Rat,Invasive,rat
5/21/2017,2017,078,78,1,predated,1,11,Incubation,Rat,Invasive,
4/5/2017,2017,106,106,1,,0,10,Nestling,Success,Success,
4/6/2017,2017,106,106,1,,0,10,Nestling,Success,Success,
4/7/2017,2017,106,106,1,,0,10,Nestling,Success,Success,
4/8/2017,2017,106,106,1,,0,10,Nestling,Success,Success,
4/9/2017,2017,106,106,1,,0,10,Nestling,Success,Success,
4/10/2017,2017,106,106,1,,0,10,Nestling,Success,Success,
4/11/2017,2017,106,106,1,,0,10,Nestling,Success,Success,
4/12/2017,2017,106,106,1,,0,10,Nestling,Success,Success,
4/13/2017,2017,106,106,1,,0,10,Nestling,Success,Success,
4/14/2017,2017,106,106,1,,0,10,Nestling,Success,Success,
4/15/2017,2017,106,106,1,,0,10,Nestling,Success,Success,
4/16/2017,2017,106,106,1,fledged,0,10,Nestling,Success,Success,
3/27/2017,2017,115,115,1,,0,10,Incubation,Success,Success,
3/28/2017,2017,115,115,1,,0,10,Incubation,Success,Success,
3/29/2017,2017,115,115,1,,0,10,Incubation,Success,Success,DTG wrong
3/30/2017,2017,115,115,1,,0,10,Incubation,Success,Success,DTG wrong
3/31/2017,2017,115,115,1,,0,10,Incubation,Success,Success,DTG wrong
4/1/2017,2017,115,115,1,,0,10,Incubation,Success,Success,
4/2/2017,2017,115,115,1,,0,10,Incubation,Success,Success,DTG wrong
4/3/2017,2017,115,115,1,,0,10,Incubation,Success,Success,DTG wrong
4/4/2017,2017,115,115,1,,0,10,Incubation,Success,Success,DTG wrong
4/5/2017,2017,115,115,1,,0,10,Incubation,Success,Success,
4/6/2017,2017,115,115,1,,0,10,Incubation,Success,Success,DTG wrong
4/7/2017,2017,115,115,1,,0,10,Incubation,Success,Success,DTG wrong
4/8/2017,2017,115,115,1,,0,10,Nestling,Success,Success,DTG wrong
4/9/2017,2017,115,115,1,,0,10,Nestling,Success,Success,
4/10/2017,2017,115,115,1,,0,10,Nestling,Success,Success,
4/11/2017,2017,115,115,1,,0,10,Nestling,Success,Success,
4/12/2017,2017,115,115,1,,0,10,Nestling,Success,Success,DTG wrong
4/13/2017,2017,115,115,1,,0,10,Nestling,Success,Success,DTG wrong
4/14/2017,2017,115,115,1,,0,10,Nestling,Success,Success,DTG wrong
4/15/2017,2017,115,115,1,,0,10,Nestling,Success,Success,
4/16/2017,2017,115,115,1,,0,10,Nestling,Success,Success,
4/17/2017,2017,115,115,1,,0,10,Nestling,Success,Success,
4/18/2017,2017,115,115,1,fledged,0,10,Nestling,Success,Success,
5/21/2017,2017,140,140,1,,0,10,Incubation,Success,Success,DTG wrong
5/22/2017,2017,140,140,1,,0,10,Incubation,Success,Success,DTG wrong
5/23/2017,2017,140,140,1,,0,10,Incubation,Success,Success,DTG wrong
5/24/2017,2017,140,140,1,,0,10,Nestling,Success,Success,DTG wrong
5/25/2017,2017,140,140,1,,0,10,Nestling,Success,Success,
5/26/2017,2017,140,140,1,,0,10,Nestling,Success,Success,
5/27/2017,2017,140,140,1,,0,10,Nestling,Success,Success,
5/28/2017,2017,140,140,1,,0,10,Nestling,Success,Success,
5/29/2017,2017,140,140,1,,0,10,Nestling,Success,Success,night time footage black
5/30/2017,2017,140,140,1,,0,10,Nestling,Success,Success,DTG wrong
5/31/2017,2017,140,140,1,,0,10,Nestling,Success,Success,DTG wrong
6/1/2017,2017,140,140,1,,0,10,Nestling,Success,Success,DTG wrong
6/2/2017,2017,140,140,1,,0,10,Nestling,Success,Success,DTG wrong
6/3/2017,2017,140,140,1,,0,10,Nestling,Success,Success,DTG wrong
6/4/2017,2017,140,140,1,fledged,0,10,Nestling,Success,Success,DTG wrong
5/31/2017,2017,147,147,1,,0,10,Incubation,Success,Success,
6/1/2017,2017,147,147,1,,0,10,Incubation,Success,Success,
6/2/2017,2017,147,147,1,,0,10,Incubation,Success,Success,
6/3/2017,2017,147,147,1,,0,10,Incubation,Success,Success,
6/4/2017,2017,147,147,0,,0,0,Incubation,Success,Success,
6/5/2017,2017,147,147,0,,0,0,Incubation,Success,Success,
6/6/2017,2017,147,147,1,starts 1109,0,10,Nestling,Success,Success,
6/7/2017,2017,147,147,1,,0,10,Nestling,Success,Success,
6/8/2017,2017,147,147,1,,0,10,Nestling,Success,Success,
6/9/2017,2017,147,147,1,,0,10,Nestling,Success,Success,
6/10/2017,2017,147,147,1,,0,10,Nestling,Success,Success,
6/11/2017,2017,147,147,1,,0,10,Nestling,Success,Success,
6/12/2017,2017,147,147,1,,0,10,Nestling,Success,Success,night time footage black
6/13/2017,2017,147,147,1,,0,10,Nestling,Success,Success,night time footage black
6/14/2017,2017,147,147,1,,0,10,Nestling,Success,Success,
6/15/2017,2017,147,147,1,,0,10,Nestling,Success,Success,
6/16/2017,2017,147,147,1,,0,10,Nestling,Success,Success,
6/17/2017,2017,147,147,1,fledged,0,10,Nestling,Success,Success,
4/13/2017,2017,203,203,1,,0,10,Incubation,Success,Success,
4/14/2017,2017,203,203,1,,0,10,Incubation,Success,Success,
4/15/2017,2017,203,203,1,,0,10,Incubation,Success,Success,
4/16/2017,2017,203,203,1,,0,10,Incubation,Success,Success,
4/17/2017,2017,203,203,1,,0,10,Incubation,Success,Success,
4/18/2017,2017,203,203,1,,0,10,Incubation,Success,Success,
4/19/2017,2017,203,203,1,,0,10,Incubation,Success,Success,
4/20/2017,2017,203,203,1,,0,10,Incubation,Success,Success,
4/21/2017,2017,203,203,1,,0,10,Nestling,Success,Success,
4/22/2017,2017,203,203,1,,0,10,Nestling,Success,Success,
4/23/2017,2017,203,203,1,,0,10,Nestling,Success,Success,
4/24/2017,2017,203,203,1,,0,10,Nestling,Success,Success,
4/25/2017,2017,203,203,1,,0,10,Nestling,Success,Success,
4/26/2017,2017,203,203,1,,0,10,Nestling,Success,Success,
4/27/2017,2017,203,203,1,,0,10,Nestling,Success,Success,
4/28/2017,2017,203,203,1,,0,10,Nestling,Success,Success,
4/29/2017,2017,203,203,1,,0,10,Nestling,Success,Success,
4/30/2017,2017,203,203,1,fledged,0,10,Nestling,Success,Success,discolored starting 1017
5/11/2017,2017,405,405,1,,0,10,Incubation,Success,Success,
5/12/2017,2017,405,405,1,,0,10,Incubation,Success,Success,
5/13/2017,2017,405,405,1,,0,10,Incubation,Success,Success,
5/14/2017,2017,405,405,1,,0,10,Incubation,Success,Success,
5/15/2017,2017,405,405,1,,0,10,Incubation,Success,Success,
5/16/2017,2017,405,405,1,,0,10,Incubation,Success,Success,
5/17/2017,2017,405,405,1,,0,10,Nestling,Success,Success,
5/18/2017,2017,405,405,1,,0,10,Nestling,Success,Success,
5/19/2017,2017,405,405,1,,0,10,Nestling,Success,Success,
5/20/2017,2017,405,405,1,,0,10,Nestling,Success,Success,
5/21/2017,2017,405,405,1,,0,10,Nestling,Success,Success,
5/22/2017,2017,405,405,1,,0,10,Nestling,Success,Success,
5/23/2017,2017,405,405,1,,0,10,Nestling,Success,Success,
5/24/2017,2017,405,405,1,,0,10,Nestling,Success,Success,
5/25/2017,2017,405,405,1,,0,10,Nestling,Success,Success,
5/26/2017,2017,405,405,1,,0,10,Nestling,Success,Success,
5/27/2017,2017,405,405,1,,0,10,Nestling,Success,Success,
5/28/2017,2017,405,405,1,fledged,0,10,Nestling,Success,Success,
4/9/2017,2017,502,502,1,,0,10,Incubation,Success,Success,
4/10/2017,2017,502,502,1,,0,10,Incubation,Success,Success,
4/11/2017,2017,502,502,1,,0,10,Incubation,Success,Success,
4/12/2017,2017,502,502,1,,0,10,Incubation,Success,Success,
4/13/2017,2017,502,502,1,,0,10,Incubation,Success,Success,
4/14/2017,2017,502,502,1,,0,10,Incubation,Success,Success,
4/15/2017,2017,502,502,1,,0,10,Incubation,Success,Success,
4/16/2017,2017,502,502,1,,0,10,Incubation,Success,Success,
4/17/2017,2017,502,502,1,,0,10,Incubation,Success,Success,
4/18/2017,2017,502,502,1,,0,10,Incubation,Success,Success,
4/19/2017,2017,502,502,1,,0,10,Incubation,Success,Success,
4/20/2017,2017,502,502,1,,0,10,Incubation,Success,Success,
4/21/2017,2017,502,502,1,,0,10,Nestling,Success,Success,
4/22/2017,2017,502,502,1,,0,10,Nestling,Success,Success,
4/23/2017,2017,502,502,1,,0,10,Nestling,Success,Success,
4/24/2017,2017,502,502,1,,0,10,Nestling,Success,Success,
4/25/2017,2017,502,502,1,,0,10,Nestling,Success,Success,
4/26/2017,2017,502,502,1,,0,10,Nestling,Success,Success,
4/27/2017,2017,502,502,1,,0,10,Nestling,Success,Success,
4/28/2017,2017,502,502,1,,0,10,Nestling,Success,Success,
4/29/2017,2017,502,502,1,,0,10,Nestling,Success,Success,
4/30/2017,2017,502,502,1,fledged,0,10,Nestling,Success,Success,
5/22/2017,2017,601,601,1,,0,10,Incubation,Fox,Native,
5/23/2017,2017,601,601,1,,0,10,Incubation,Fox,Native,
5/24/2017,2017,601,601,1,,0,10,Incubation,Fox,Native,
5/25/2017,2017,601,601,1,,0,10,Incubation,Fox,Native,
5/26/2017,2017,601,601,1,,0,10,Incubation,Fox,Native,
5/27/2017,2017,601,601,1,,0,10,Incubation,Fox,Native,
5/28/2017,2017,601,601,1,,0,10,Incubation,Fox,Native,night time footage black
5/29/2017,2017,601,601,1,,0,10,Incubation,Fox,Native,night time footage black
5/30/2017,2017,601,601,1,,0,10,Incubation,Fox,Native,
5/31/2017,2017,601,601,1,,0,10,Incubation,Fox,Native,
6/1/2017,2017,601,601,1,,0,10,Incubation,Fox,Native,
6/2/2017,2017,601,601,1,predated,1,11,Nestling,Fox,Native,fox murder
2/19/2016,2016,008,8,1,,0,10,Incubation,Success,Success,
2/20/2016,2016,008,8,1,,0,10,Incubation,Success,Success,
2/21/2016,2016,008,8,1,,0,10,Incubation,Success,Success,
2/22/2016,2016,008,8,1,,0,10,Incubation,Success,Success,
2/23/2016,2016,008,8,1,,0,10,Incubation,Success,Success,
2/24/2016,2016,008,8,1,,0,10,Incubation,Success,Success,
2/25/2016,2016,008,8,1,,0,10,Incubation,Success,Success,
2/26/2016,2016,008,8,1,,0,10,Incubation,Success,Success,
2/27/2016,2016,008,8,1,,0,10,Incubation,Success,Success,
2/28/2016,2016,008,8,1,,0,10,Incubation,Success,Success,
2/29/2016,2016,008,8,1,,0,10,Nestling,Success,Success,
3/1/2016,2016,008,8,1,,0,10,Nestling,Success,Success,
3/2/2016,2016,008,8,1,,0,10,Nestling,Success,Success,
3/3/2016,2016,008,8,1,,0,10,Nestling,Success,Success,
3/4/2016,2016,008,8,1,,0,10,Nestling,Success,Success,
3/5/2016,2016,008,8,1,,0,10,Nestling,Success,Success,
3/6/2016,2016,008,8,1,,0,10,Nestling,Success,Success,
3/7/2016,2016,008,8,1,,0,10,Nestling,Success,Success,
3/8/2016,2016,008,8,1,,0,10,Nestling,Success,Success,
3/9/2016,2016,008,8,1,,0,10,Nestling,Success,Success,
3/10/2016,2016,008,8,1,,0,10,Nestling,Success,Success,
3/11/2016,2016,008,8,1,fledged,0,10,Nestling,Success,Success,
3/16/2016,2016,014,14,1,,0,10,Incubation,Fox,Native,
3/17/2016,2016,014,14,1,predated,1,11,Incubation,Fox,Native,fox murder
3/15/2016,2016,019,19,1,,0,10,Nestling,Success,Success,night time footage black
3/16/2016,2016,019,19,1,,0,10,Nestling,Success,Success,night time footage black
3/17/2016,2016,019,19,1,,0,10,Nestling,Success,Success,night time footage black
3/18/2016,2016,019,19,1,,0,10,Nestling,Success,Success,
3/19/2016,2016,019,19,1,,0,10,Nestling,Success,Success,
3/20/2016,2016,019,19,1,,0,10,Nestling,Success,Success,
3/21/2016,2016,019,19,1,,0,10,Nestling,Success,Success,
3/22/2016,2016,019,19,1,,0,10,Nestling,Success,Success,night time footage black
3/23/2016,2016,019,19,1,fledged,0,10,Nestling,Success,Success,
3/24/2016,2016,020,20,1,,0,10,Incubation,Success,Success,
3/25/2016,2016,020,20,1,,0,10,Incubation,Success,Success,
3/26/2016,2016,020,20,1,,0,10,Incubation,Success,Success,
3/27/2016,2016,020,20,1,,0,10,Incubation,Success,Success,
3/28/2016,2016,020,20,1,,0,10,Incubation,Success,Success,
3/29/2016,2016,020,20,1,,0,10,Incubation,Success,Success,
3/30/2016,2016,020,20,1,,0,10,Incubation,Success,Success,
3/31/2016,2016,020,20,1,,0,10,Incubation,Success,Success,
4/1/2016,2016,020,20,1,,0,10,Incubation,Success,Success,
4/2/2016,2016,020,20,1,,0,10,Nestling,Success,Success,
4/3/2016,2016,020,20,1,,0,10,Nestling,Success,Success,
4/4/2016,2016,020,20,1,,0,10,Nestling,Success,Success,
4/5/2016,2016,020,20,1,,0,10,Nestling,Success,Success,
4/6/2016,2016,020,20,1,,0,10,Nestling,Success,Success,
4/7/2016,2016,020,20,1,,0,10,Nestling,Success,Success,
4/8/2016,2016,020,20,1,,0,10,Nestling,Success,Success,
4/9/2016,2016,020,20,1,,0,10,Nestling,Success,Success,
4/10/2016,2016,020,20,1,,0,10,Nestling,Success,Success,
4/11/2016,2016,020,20,1,,0,10,Nestling,Success,Success,
4/12/2016,2016,020,20,1,,0,10,Nestling,Success,Success,
4/13/2016,2016,020,20,1,fledged,0,10,Nestling,Success,Success,
3/30/2016,2016,030,30,1,,0,10,Incubation,Success,Success,
3/31/2016,2016,030,30,1,,0,10,Incubation,Success,Success,
4/1/2016,2016,030,30,1,,0,10,Incubation,Success,Success,
4/2/2016,2016,030,30,1,,0,10,Nestling,Success,Success,
4/3/2016,2016,030,30,1,,0,10,Nestling,Success,Success,
4/4/2016,2016,030,30,1,,0,10,Nestling,Success,Success,
4/5/2016,2016,030,30,1,,0,10,Nestling,Success,Success,
4/6/2016,2016,030,30,1,,0,10,Nestling,Success,Success,
4/7/2016,2016,030,30,1,,0,10,Nestling,Success,Success,
4/8/2016,2016,030,30,1,,0,10,Nestling,Success,Success,
4/9/2016,2016,030,30,1,,0,10,Nestling,Success,Success,
4/10/2016,2016,030,30,1,,0,10,Nestling,Success,Success,
4/11/2016,2016,030,30,1,,0,10,Nestling,Success,Success,cuts at 4pm
4/12/2016,2016,030,30,0,,0,0,Nestling,Success,Success,
4/13/2016,2016,030,30,1,,0,10,Nestling,Success,Success,starts 3:45pm
4/14/2016,2016,030,30,1,fledged,0,10,Nestling,Success,Success,
4/26/2016,2016,034,34,1,,0,10,Incubation,Success,Success,
4/27/2016,2016,034,34,1,,0,10,Incubation,Success,Success,
4/28/2016,2016,034,34,1,,0,10,Incubation,Success,Success,
4/29/2016,2016,034,34,1,,0,10,Incubation,Success,Success,
4/30/2016,2016,034,34,1,,0,10,Incubation,Success,Success,
5/1/2016,2016,034,34,1,,0,10,Incubation,Success,Success,
5/2/2016,2016,034,34,1,,0,10,Nestling,Success,Success,
5/3/2016,2016,034,34,1,,0,10,Nestling,Success,Success,
5/4/2016,2016,034,34,1,,0,10,Nestling,Success,Success,
5/5/2016,2016,034,34,1,,0,10,Nestling,Success,Success,
5/6/2016,2016,034,34,1,,0,10,Nestling,Success,Success,
5/7/2016,2016,034,34,1,,0,10,Nestling,Success,Success,
5/8/2016,2016,034,34,1,,0,10,Nestling,Success,Success,
5/9/2016,2016,034,34,1,,0,10,Nestling,Success,Success,
5/10/2016,2016,034,34,1,,0,10,Nestling,Success,Success,
5/11/2016,2016,034,34,1,,0,10,Nestling,Success,Success,
5/12/2016,2016,034,34,1,fledged,0,10,Nestling,Success,Success,
5/19/2016,2016,040,40,1,,0,10,Incubation,Success,Success,
5/20/2016,2016,040,40,1,,0,10,Incubation,Success,Success,
5/21/2016,2016,040,40,1,,0,10,Incubation,Success,Success,
5/22/2016,2016,040,40,1,,0,10,Incubation,Success,Success,
5/23/2016,2016,040,40,1,,0,10,Incubation,Success,Success,
5/24/2016,2016,040,40,1,,0,10,Incubation,Success,Success,
5/25/2016,2016,040,40,1,,0,10,Incubation,Success,Success,
5/26/2016,2016,040,40,1,,0,10,Incubation,Success,Success,
5/27/2016,2016,040,40,1,,0,10,Incubation,Success,Success,
5/28/2016,2016,040,40,1,,0,10,Incubation,Success,Success,
5/29/2016,2016,040,40,1,,0,10,Incubation,Success,Success,
5/30/2016,2016,040,40,1,,0,10,Incubation,Success,Success,
5/31/2016,2016,040,40,1,,0,10,Nestling,Success,Success,
6/1/2016,2016,040,40,1,,0,10,Nestling,Success,Success,
6/2/2016,2016,040,40,1,,0,10,Nestling,Success,Success,
6/3/2016,2016,040,40,1,,0,10,Nestling,Success,Success,
6/4/2016,2016,040,40,1,,0,10,Nestling,Success,Success,
6/5/2016,2016,040,40,1,,0,10,Nestling,Success,Success,
6/6/2016,2016,040,40,1,,0,10,Nestling,Success,Success,
6/7/2016,2016,040,40,1,,0,10,Nestling,Success,Success,
6/8/2016,2016,040,40,1,,0,10,Nestling,Success,Success,
6/9/2016,2016,040,40,1,,0,10,Nestling,Success,Success,
6/10/2016,2016,040,40,1,fledged,0,10,Nestling,Success,Success,
5/24/2016,2016,043,43,1,,0,10,Incubation,Success,Success,
5/25/2016,2016,043,43,1,,0,10,Incubation,Success,Success,
5/26/2016,2016,043,43,1,,0,10,Incubation,Success,Success,
5/27/2016,2016,043,43,1,,0,10,Incubation,Success,Success,
5/28/2016,2016,043,43,1,,0,10,Incubation,Success,Success,
5/29/2016,2016,043,43,1,,0,10,Incubation,Success,Success,
5/30/2016,2016,043,43,1,,0,10,Incubation,Success,Success,
5/31/2016,2016,043,43,1,,0,10,Incubation,Success,Success,
6/1/2016,2016,043,43,1,,0,10,Incubation,Success,Success,
6/2/2016,2016,043,43,1,,0,10,Nestling,Success,Success,
6/3/2016,2016,043,43,1,,0,10,Nestling,Success,Success,
6/4/2016,2016,043,43,1,,0,10,Nestling,Success,Success,
6/5/2016,2016,043,43,1,,0,10,Nestling,Success,Success,
6/6/2016,2016,043,43,1,,0,10,Nestling,Success,Success,
6/7/2016,2016,043,43,1,,0,10,Nestling,Success,Success,
6/8/2016,2016,043,43,1,,0,10,Nestling,Success,Success,
6/9/2016,2016,043,43,1,,0,10,Nestling,Success,Success,
6/10/2016,2016,043,43,1,,0,10,Nestling,Success,Success,
6/11/2016,2016,043,43,1,,0,10,Nestling,Success,Success,
6/12/2016,2016,043,43,1,fledged,0,10,Nestling,Success,Success,
6/4/2016,2016,046,46,1,,0,10,Incubation,Success,Success,
6/5/2016,2016,046,46,1,,0,10,Incubation,Success,Success,
6/6/2016,2016,046,46,1,,0,10,Nestling,Success,Success,night time footage black
6/7/2016,2016,046,46,1,,0,10,Nestling,Success,Success,night time footage black
6/8/2016,2016,046,46,1,,0,10,Nestling,Success,Success,night time footage black
6/9/2016,2016,046,46,1,,0,10,Nestling,Success,Success,
6/10/2016,2016,046,46,1,,0,10,Nestling,Success,Success,
6/11/2016,2016,046,46,1,,0,10,Nestling,Success,Success,
6/12/2016,2016,046,46,1,,0,10,Nestling,Success,Success,
6/13/2016,2016,046,46,1,,0,10,Nestling,Success,Success,day time footage whited out
6/14/2016,2016,046,46,1,,0,10,Nestling,Success,Success,day time footage whited out
6/15/2016,2016,046,46,1,,0,10,Nestling,Success,Success,
6/16/2016,2016,046,46,1,,0,10,Nestling,Success,Success,
6/17/2016,2016,046,46,1,fledged,0,10,Nestling,Success,Success,cuts at 10am
5/4/2016,2016,104,104,0,,0,0,Incubation,Success,Success,
5/5/2016,2016,104,104,0,,0,0,Incubation,Success,Success,
5/6/2016,2016,104,104,1,,0,10,Incubation,Success,Success,starts 1pm
5/7/2016,2016,104,104,1,,0,10,Nestling,Success,Success,
5/8/2016,2016,104,104,1,,0,10,Nestling,Success,Success,
5/9/2016,2016,104,104,1,,0,10,Nestling,Success,Success,
5/10/2016,2016,104,104,0,,0,0,Nestling,Success,Success,time jump from 1245pm-10 the next day
5/11/2016,2016,104,104,1,,0,10,Nestling,Success,Success,
5/12/2016,2016,104,104,1,,0,10,Nestling,Success,Success,
5/13/2016,2016,104,104,1,,0,10,Nestling,Success,Success,
5/14/2016,2016,104,104,1,,0,10,Nestling,Success,Success,
5/15/2016,2016,104,104,1,,0,10,Nestling,Success,Success,
5/16/2016,2016,104,104,1,,0,10,Nestling,Success,Success,
5/17/2016,2016,104,104,1,fledged,0,10,Nestling,Success,Success,
3/11/2016,2016,201,201,1,,0,10,Incubation,Success,Success,
3/12/2016,2016,201,201,1,,0,10,Incubation,Success,Success,
3/13/2016,2016,201,201,1,,0,10,Incubation,Success,Success,
3/14/2016,2016,201,201,1,,0,10,Incubation,Success,Success,
3/15/2016,2016,201,201,1,,0,10,Incubation,Success,Success,
3/16/2016,2016,201,201,1,,0,10,Incubation,Success,Success,
3/17/2016,2016,201,201,1,,0,10,Incubation,Success,Success,
3/18/2016,2016,201,201,1,,0,10,Nestling,Success,Success,footage poor
3/19/2016,2016,201,201,1,,0,10,Nestling,Success,Success,footage poor
3/20/2016,2016,201,201,1,,0,10,Nestling,Success,Success,
3/21/2016,2016,201,201,1,,0,10,Nestling,Success,Success,
3/22/2016,2016,201,201,1,,0,10,Nestling,Success,Success,
3/23/2016,2016,201,201,1,,0,10,Nestling,Success,Success,
3/24/2016,2016,201,201,1,,0,10,Nestling,Success,Success,
3/25/2016,2016,201,201,1,,0,10,Nestling,Success,Success,
3/26/2016,2016,201,201,1,,0,10,Nestling,Success,Success,
3/27/2016,2016,201,201,1,fledged,0,10,Nestling,Success,Success,
3/16/2016,2016,202,202,1,,0,10,Incubation,Abandoned,Other,
3/17/2016,2016,202,202,1,,0,10,Incubation,Abandoned,Other,
3/18/2016,2016,202,202,1,,0,10,Incubation,Abandoned,Other,
3/19/2016,2016,202,202,1,,0,10,Incubation,Abandoned,Other,
3/20/2016,2016,202,202,1,,0,10,Incubation,Abandoned,Other,
3/21/2016,2016,202,202,1,,0,10,Incubation,Abandoned,Other,
3/22/2016,2016,202,202,1,,0,10,Incubation,Abandoned,Other,
3/23/2016,2016,202,202,1,,0,10,Incubation,Abandoned,Other,
3/24/2016,2016,202,202,1,,0,10,Incubation,Abandoned,Other,
3/25/2016,2016,202,202,1,,0,10,Incubation,Abandoned,Other,
3/26/2016,2016,202,202,1,,0,10,Incubation,Abandoned,Other,
3/27/2016,2016,202,202,1,,0,10,Incubation,Abandoned,Other,
3/28/2016,2016,202,202,1,,0,10,Incubation,Abandoned,Other,
3/29/2016,2016,202,202,1,,0,10,Incubation,Abandoned,Other,
3/30/2016,2016,202,202,1,,0,10,Incubation,Abandoned,Other,
3/31/2016,2016,202,202,1,,0,10,Incubation,Abandoned,Other,
4/1/2016,2016,202,202,1,,0,10,Incubation,Abandoned,Other,
4/2/2016,2016,202,202,1,abandonded,1,11,Incubation,Abandoned,Other,
3/30/2016,2016,205,205,1,,0,10,Incubation,Success,Success,
3/31/2016,2016,205,205,1,,0,10,Incubation,Success,Success,
4/1/2016,2016,205,205,1,,0,10,Incubation,Success,Success,DTG wrong
4/2/2016,2016,205,205,1,,0,10,Incubation,Success,Success,DTG wrong
4/3/2016,2016,205,205,1,,0,10,Incubation,Success,Success,
4/4/2016,2016,205,205,1,,0,10,Incubation,Success,Success,
4/5/2016,2016,205,205,1,,0,10,Incubation,Success,Success,
4/6/2016,2016,205,205,1,,0,10,Incubation,Success,Success,
4/7/2016,2016,205,205,1,,0,10,Nestling,Success,Success,
4/8/2016,2016,205,205,1,,0,10,Nestling,Success,Success,
4/9/2016,2016,205,205,1,,0,10,Nestling,Success,Success,
4/10/2016,2016,205,205,1,,0,10,Nestling,Success,Success,
4/11/2016,2016,205,205,1,,0,10,Nestling,Success,Success,
4/12/2016,2016,205,205,1,,0,10,Nestling,Success,Success,
4/13/2016,2016,205,205,1,,0,10,Nestling,Success,Success,
4/14/2016,2016,205,205,1,,0,10,Nestling,Success,Success,
4/15/2016,2016,205,205,1,,0,10,Nestling,Success,Success,
4/16/2016,2016,205,205,1,Fledged,0,10,Nestling,Success,Success,
3/24/2016,2016,303,303,1,,0,10,Incubation,Success,Success,
3/25/2016,2016,303,303,1,,0,10,Incubation,Success,Success,
3/26/2016,2016,303,303,1,,0,10,Incubation,Success,Success,
3/27/2016,2016,303,303,1,,0,10,Incubation,Success,Success,
3/28/2016,2016,303,303,1,,0,10,Incubation,Success,Success,
3/29/2016,2016,303,303,1,,0,10,Incubation,Success,Success,
3/30/2016,2016,303,303,1,,0,10,Incubation,Success,Success,cuts at 10am
3/31/2016,2016,303,303,0,,0,0,Incubation,Success,Success,
4/1/2016,2016,303,303,1,,0,10,Incubation,Success,Success,starts 10am
4/2/2016,2016,303,303,1,,0,10,Nestling,Success,Success,
4/3/2016,2016,303,303,1,,0,10,Nestling,Success,Success,
4/4/2016,2016,303,303,1,,0,10,Nestling,Success,Success,
4/5/2016,2016,303,303,1,,0,10,Nestling,Success,Success,
4/6/2016,2016,303,303,1,,0,10,Nestling,Success,Success,
4/7/2016,2016,303,303,1,,0,10,Nestling,Success,Success,
4/8/2016,2016,303,303,1,,0,10,Nestling,Success,Success,
4/9/2016,2016,303,303,1,,0,10,Nestling,Success,Success,
4/10/2016,2016,303,303,1,,0,10,Nestling,Success,Success,
4/11/2016,2016,303,303,1,,0,10,Nestling,Success,Success,
4/12/2016,2016,303,303,1,,0,10,Nestling,Success,Success,
4/13/2016,2016,303,303,1,,0,10,Nestling,Success,Success,
4/14/2016,2016,303,303,1,fledged,0,10,Nestling,Success,Success,night time footage black
5/5/2016,2016,414,414,1,,0,10,Incubation,Success,Success,
5/6/2016,2016,414,414,1,,0,10,Incubation,Success,Success,
5/7/2016,2016,414,414,1,,0,10,Nestling,Success,Success,
5/8/2016,2016,414,414,1,,0,10,Nestling,Success,Success,
5/9/2016,2016,414,414,1,,0,10,Nestling,Success,Success,
5/10/2016,2016,414,414,1,,0,10,Nestling,Success,Success,
5/11/2016,2016,414,414,1,,0,10,Nestling,Success,Success,
5/12/2016,2016,414,414,1,,0,10,Nestling,Success,Success,
5/13/2016,2016,414,414,1,,0,10,Nestling,Success,Success,
5/14/2016,2016,414,414,1,,0,10,Nestling,Success,Success,
5/15/2016,2016,414,414,1,,0,10,Nestling,Success,Success,
5/16/2016,2016,414,414,1,,0,10,Nestling,Success,Success,
5/17/2016,2016,414,414,1,,0,10,Nestling,Success,Success,
5/18/2016,2016,414,414,1,fledged,0,10,Nestling,Success,Success,
3/3/2016,2016,505,505,1,,0,10,Incubation,Abandoned,Other,
3/4/2016,2016,505,505,1,,0,10,Incubation,Abandoned,Other,
3/5/2016,2016,505,505,1,,0,10,Incubation,Abandoned,Other,
3/6/2016,2016,505,505,1,abandonded,1,11,Incubation,Abandoned,Other,
3/3/2016,2016,508,508,1,,0,10,Incubation,Success,Success,
3/4/2016,2016,508,508,1,,0,10,Incubation,Success,Success,
3/5/2016,2016,508,508,1,,0,10,Incubation,Success,Success,
3/6/2016,2016,508,508,1,,0,10,Incubation,Success,Success,
3/7/2016,2016,508,508,1,,0,10,Incubation,Success,Success,
3/8/2016,2016,508,508,1,,0,10,Incubation,Success,Success,
3/9/2016,2016,508,508,1,,0,10,Incubation,Success,Success,
3/10/2016,2016,508,508,1,,0,10,Incubation,Success,Success,
3/11/2016,2016,508,508,1,,0,10,Incubation,Success,Success,
3/12/2016,2016,508,508,1,,0,10,Incubation,Success,Success,
3/13/2016,2016,508,508,1,,0,10,Incubation,Success,Success,
3/14/2016,2016,508,508,1,,0,10,Incubation,Success,Success,
3/15/2016,2016,508,508,1,,0,10,Incubation,Success,Success,
3/16/2016,2016,508,508,1,,0,10,Nestling,Success,Success,
3/17/2016,2016,508,508,1,,0,10,Nestling,Success,Success,
3/18/2016,2016,508,508,1,,0,10,Nestling,Success,Success,
3/19/2016,2016,508,508,1,,0,10,Nestling,Success,Success,
3/20/2016,2016,508,508,1,,0,10,Nestling,Success,Success,
3/21/2016,2016,508,508,1,,0,10,Nestling,Success,Success,
3/22/2016,2016,508,508,1,,0,10,Nestling,Success,Success,
3/23/2016,2016,508,508,1,,0,10,Nestling,Success,Success,cuts 1130am
3/24/2016,2016,508,508,0,,0,0,Nestling,Success,Success,
3/25/2016,2016,508,508,0,,0,0,Nestling,Success,Success,
3/26/2016,2016,508,508,1,fledged,0,10,Nestling,Success,Success,starts 06
2/23/2015,2015,001,1,1,,0,10,Incubation,Abandoned,Other,
2/24/2015,2015,001,1,1,,0,10,Incubation,Abandoned,Other,
2/25/2015,2015,001,1,1,,0,10,Incubation,Abandoned,Other,
2/26/2015,2015,001,1,1,,0,10,Incubation,Abandoned,Other,
2/27/2015,2015,001,1,1,,0,10,Incubation,Abandoned,Other,
2/28/2015,2015,001,1,1,,0,10,Incubation,Abandoned,Other,
3/1/2015,2015,001,1,1,,0,10,Incubation,Abandoned,Other,
3/2/2015,2015,001,1,1,,0,10,Incubation,Abandoned,Other,
3/3/2015,2015,001,1,1,abandonded,1,11,Incubation,Abandoned,Other,
3/5/2015,2015,002,2,1,,0,10,Incubation,Success,Success,
3/6/2015,2015,002,2,1,,0,10,Incubation,Success,Success,
3/7/2015,2015,002,2,1,,0,10,Incubation,Success,Success,
3/8/2015,2015,002,2,1,,0,10,Incubation,Success,Success,
3/9/2015,2015,002,2,1,,0,10,Incubation,Success,Success,
3/10/2015,2015,002,2,1,,0,10,Incubation,Success,Success,
3/11/2015,2015,002,2,1,,0,10,Incubation,Success,Success,
3/12/2015,2015,002,2,1,,0,10,Incubation,Success,Success,
3/13/2015,2015,002,2,1,,0,10,Incubation,Success,Success,
3/14/2015,2015,002,2,1,,0,10,Incubation,Success,Success,
3/15/2015,2015,002,2,1,,0,10,Incubation,Success,Success,
3/16/2015,2015,002,2,1,,0,10,Nestling,Success,Success,
3/17/2015,2015,002,2,1,,0,10,Nestling,Success,Success,
3/18/2015,2015,002,2,1,,0,10,Nestling,Success,Success,
3/19/2015,2015,002,2,1,,0,10,Nestling,Success,Success,
3/20/2015,2015,002,2,1,,0,10,Nestling,Success,Success,
3/21/2015,2015,002,2,1,,0,10,Nestling,Success,Success,
3/22/2015,2015,002,2,1,,0,10,Nestling,Success,Success,
3/23/2015,2015,002,2,1,,0,10,Nestling,Success,Success,
3/24/2015,2015,002,2,1,,0,10,Nestling,Success,Success,
3/25/2015,2015,002,2,1,,0,10,Nestling,Success,Success,
3/26/2015,2015,002,2,1,fledged,0,10,Nestling,Success,Success,night time footage black
2/26/2015,2015,004,4,1,,0,10,Incubation,Fox,Native,
2/27/2015,2015,004,4,1,,0,10,,Fox,Native,
2/28/2015,2015,004,4,1,,0,10,,Fox,Native,
3/1/2015,2015,004,4,1,,0,10,,Fox,Native,
3/2/2015,2015,004,4,1,,0,10,,Fox,Native,
3/3/2015,2015,004,4,1,,0,10,,Fox,Native,
3/4/2015,2015,004,4,1,predated,1,11,Nestling,Fox,Native,
3/11/2015,2015,005,5,1,,0,10,Incubation,INL,Native,
3/12/2015,2015,005,5,1,,0,10,Incubation,INL,Native,
3/13/2015,2015,005,5,1,,0,10,Incubation,INL,Native,
3/14/2015,2015,005,5,1,,0,10,Incubation,INL,Native,
3/15/2015,2015,005,5,1,predated,1,11,Incubation,INL,Native,
3/5/2015,2015,006,6,1,predated,1,11,Incubation,Fox,Native,
2/26/2015,2015,008,8,1,,0,10,Incubation,Success,Success,
2/27/2015,2015,008,8,0,,0,0,Incubation,Success,Success,broke video after batt swap
2/28/2015,2015,008,8,0,,0,0,Incubation,Success,Success,
3/1/2015,2015,008,8,1,,0,10,Incubation,Success,Success,starts 1250
3/2/2015,2015,008,8,1,,0,10,Incubation,Success,Success,
3/3/2015,2015,008,8,1,,0,10,Incubation,Success,Success,
3/4/2015,2015,008,8,1,,0,10,Incubation,Success,Success,
3/5/2015,2015,008,8,1,,0,10,Nestling,Success,Success,
3/6/2015,2015,008,8,1,,0,10,Nestling,Success,Success,
3/7/2015,2015,008,8,1,,0,10,Nestling,Success,Success,
3/8/2015,2015,008,8,1,,0,10,Nestling,Success,Success,
3/9/2015,2015,008,8,1,,0,10,Nestling,Success,Success,
3/10/2015,2015,008,8,1,,0,10,Nestling,Success,Success,
3/11/2015,2015,008,8,1,,0,10,Nestling,Success,Success,
3/12/2015,2015,008,8,1,,0,10,Nestling,Success,Success,
3/13/2015,2015,008,8,1,,0,10,Nestling,Success,Success,
3/14/2015,2015,008,8,1,,0,10,Nestling,Success,Success,
3/15/2015,2015,008,8,1,,0,10,Nestling,Success,Success,
3/16/2015,2015,008,8,1,fledged,0,10,Nestling,Success,Success,
3/29/2015,2015,024,24,1,,0,10,Incubation,Success,Success,
3/30/2015,2015,024,24,1,,0,10,Incubation,Success,Success,
3/31/2015,2015,024,24,1,,0,10,Incubation,Success,Success,
4/1/2015,2015,024,24,1,,0,10,Incubation,Success,Success,cuts at noon
4/2/2015,2015,024,24,0,,0,0,Incubation,Success,Success,
4/3/2015,2015,024,24,1,,0,10,Incubation,Success,Success,starts 1300
4/4/2015,2015,024,24,1,,0,10,Incubation,Success,Success,
4/5/2015,2015,024,24,1,,0,10,Nestling,Success,Success,
4/6/2015,2015,024,24,1,,0,10,Nestling,Success,Success,
4/7/2015,2015,024,24,1,,0,10,Nestling,Success,Success,
4/8/2015,2015,024,24,1,,0,10,Nestling,Success,Success,
4/9/2015,2015,024,24,1,,0,10,Nestling,Success,Success,
4/10/2015,2015,024,24,1,,0,10,Nestling,Success,Success,
4/11/2015,2015,024,24,1,,0,10,Nestling,Success,Success,
4/12/2015,2015,024,24,1,,0,10,Nestling,Success,Success,
4/13/2015,2015,024,24,1,,0,10,Nestling,Success,Success,
4/14/2015,2015,024,24,1,,0,10,Nestling,Success,Success,
4/15/2015,2015,024,24,1,fledged,0,10,Nestling,Success,Success,
3/23/2015,2015,029,29,1,,0,10,Incubation,INL,Native,
3/24/2015,2015,029,29,1,,0,10,Incubation,INL,Native,
3/25/2015,2015,029,29,1,,0,10,Incubation,INL,Native,
3/26/2015,2015,029,29,1,,0,10,Incubation,INL,Native,
3/27/2015,2015,029,29,1,,0,10,Nestling,INL,Native,
3/28/2015,2015,029,29,1,,0,10,Nestling,INL,Native,
3/29/2015,2015,029,29,1,predated,1,11,Nestling,INL,Native,
4/7/2015,2015,032,32,1,,0,10,Incubation,Rat,Invasive,
4/8/2015,2015,032,32,1,,0,10,,Rat,Invasive,
4/9/2015,2015,032,32,1,,0,10,,Rat,Invasive,
4/10/2015,2015,032,32,1,,0,10,,Rat,Invasive,
4/11/2015,2015,032,32,1,,0,10,,Rat,Invasive,
4/12/2015,2015,032,32,1,,0,10,,Rat,Invasive,
4/13/2015,2015,032,32,1,,0,10,,Rat,Invasive,
4/14/2015,2015,032,32,1,,0,10,,Rat,Invasive,
4/15/2015,2015,032,32,1,,0,10,,Rat,Invasive,
4/16/2015,2015,032,32,1,,0,10,,Rat,Invasive,
4/17/2015,2015,032,32,1,,0,10,,Rat,Invasive,
4/18/2015,2015,032,32,1,,0,10,,Rat,Invasive,
4/19/2015,2015,032,32,1,,0,10,,Rat,Invasive,
4/20/2015,2015,032,32,1,,0,10,,Rat,Invasive,
4/21/2015,2015,032,32,1,,0,10,,Rat,Invasive,
4/22/2015,2015,032,32,1,predated,1,11,Incubation,Rat,Invasive,
4/4/2015,2015,113,113,1,DTG wrong,0,10,Incubation,Raven,Native,
4/5/2015,2015,113,113,1,DTG wrong,0,10,Incubation,Raven,Native,
4/6/2015,2015,113,113,1,DTG wrong,0,10,Incubation,Raven,Native,
4/7/2015,2015,113,113,1,DTG wrong,0,10,Incubation,Raven,Native,
4/8/2015,2015,113,113,1,DTG wrong,0,10,Incubation,Raven,Native,
4/9/2015,2015,113,113,1,DTG wrong,0,10,Incubation,Raven,Native,
4/10/2015,2015,113,113,1,,0,10,Incubation,Raven,Native,
4/11/2015,2015,113,113,1,,0,10,Nestling,Raven,Native,
4/12/2015,2015,113,113,1,,0,10,Nestling,Raven,Native,
4/13/2015,2015,113,113,1,,0,10,Nestling,Raven,Native,
4/14/2015,2015,113,113,1,,0,10,Nestling,Raven,Native,
4/15/2015,2015,113,113,1,,0,10,Nestling,Raven,Native,
4/16/2015,2015,113,113,1,,0,10,Nestling,Raven,Native,
4/17/2015,2015,113,113,1,,0,10,Nestling,Raven,Native,
4/18/2015,2015,113,113,1,,0,10,Nestling,Raven,Native,
4/19/2015,2015,113,113,1,,0,10,Nestling,Raven,Native,
4/20/2015,2015,113,113,1,,0,10,Nestling,Raven,Native,
4/21/2015,2015,113,113,1,,0,10,Nestling,Raven,Native,
4/22/2015,2015,113,113,1,predated,1,11,Nestling,Raven,Native,raven
3/3/2015,2015,200,200,1,,0,10,Incubation,INL,Native,
3/4/2015,2015,200,200,1,,0,10,Incubation,INL,Native,
3/5/2015,2015,200,200,1,,0,10,Incubation,INL,Native,
3/6/2015,2015,200,200,1,,0,10,Incubation,INL,Native,
3/7/2015,2015,200,200,1,,0,10,Incubation,INL,Native,
3/8/2015,2015,200,200,1,,0,10,Incubation,INL,Native,
3/9/2015,2015,200,200,1,,0,10,Incubation,INL,Native,
3/10/2015,2015,200,200,1,partial predation,0,11,Nestling,INL,Native,
3/11/2015,2015,200,200,1,,0,10,Nestling,INL,Native,
3/12/2015,2015,200,200,1,,0,10,Nestling,INL,Native,
3/13/2015,2015,200,200,1,predated,1,11,Nestling,INL,Native,
3/28/2015,2015,201,201,1,,0,10,Nestling,Success,Success,
3/29/2015,2015,201,201,1,,0,10,Nestling,Success,Success,
3/30/2015,2015,201,201,1,,0,10,Nestling,Success,Success,
3/31/2015,2015,201,201,1,,0,10,Nestling,Success,Success,
4/1/2015,2015,201,201,1,,0,10,Nestling,Success,Success,
4/2/2015,2015,201,201,1,,0,10,Nestling,Success,Success,
4/3/2015,2015,201,201,1,,0,10,Nestling,Success,Success,
4/4/2015,2015,201,201,1,fledged,0,0,Nestling,Success,Success,cuts 12:46pm
3/29/2015,2015,301,301,1,,0,10,Incubation,Success,Success,
3/30/2015,2015,301,301,1,,0,10,Incubation,Success,Success,
3/31/2015,2015,301,301,1,,0,10,Nestling,Success,Success,
4/1/2015,2015,301,301,1,,0,10,Nestling,Success,Success,
4/2/2015,2015,301,301,1,,0,10,Nestling,Success,Success,
4/3/2015,2015,301,301,1,,0,10,Nestling,Success,Success,
4/4/2015,2015,301,301,1,,0,10,Nestling,Success,Success,
4/5/2015,2015,301,301,1,,0,10,Nestling,Success,Success,
4/6/2015,2015,301,301,1,,0,10,Nestling,Success,Success,
4/7/2015,2015,301,301,1,,0,10,Nestling,Success,Success,
4/8/2015,2015,301,301,1,,0,10,Nestling,Success,Success,
4/9/2015,2015,301,301,1,,0,10,Nestling,Success,Success,
4/10/2015,2015,301,301,1,,0,10,Nestling,Success,Success,
4/11/2015,2015,301,301,1,fledged,0,10,Nestling,Success,Success,
3/5/2015,2015,401,401,1,,0,10,Incubation,Success,Success,
3/6/2015,2015,401,401,1,,0,10,Incubation,Success,Success,
3/7/2015,2015,401,401,1,,0,10,Incubation,Success,Success,
3/8/2015,2015,401,401,1,,0,10,Incubation,Success,Success,
3/9/2015,2015,401,401,1,,0,10,Incubation,Success,Success,
3/10/2015,2015,401,401,1,,0,10,Incubation,Success,Success,
3/11/2015,2015,401,401,1,,0,10,Incubation,Success,Success,
3/12/2015,2015,401,401,1,,0,10,Incubation,Success,Success,
3/13/2015,2015,401,401,1,,0,10,Incubation,Success,Success,
3/14/2015,2015,401,401,1,,0,10,Incubation,Success,Success,
3/15/2015,2015,401,401,1,,0,10,Nestling,Success,Success,
3/16/2015,2015,401,401,1,,0,10,Nestling,Success,Success,
3/17/2015,2015,401,401,1,,0,10,Nestling,Success,Success,
3/18/2015,2015,401,401,1,,0,10,Nestling,Success,Success,
3/19/2015,2015,401,401,1,,0,10,Nestling,Success,Success,
3/20/2015,2015,401,401,1,,0,10,Nestling,Success,Success,
3/21/2015,2015,401,401,1,,0,10,Nestling,Success,Success,
3/22/2015,2015,401,401,1,,0,10,Nestling,Success,Success,
3/23/2015,2015,401,401,1,,0,10,Nestling,Success,Success,
3/24/2015,2015,401,401,1,,0,10,Nestling,Success,Success,
3/25/2015,2015,401,401,1,,0,10,Nestling,Success,Success,
3/26/2015,2015,401,401,1,,0,10,Nestling,Success,Success,
3/27/2015,2015,401,401,1,fledged,0,10,Nestling,Success,Success,
3/11/2015,2015,403,403,1,,0,10,Incubation,Success,Success,
3/12/2015,2015,403,403,1,cuts 17,0,10,Incubation,Success,Success,
3/13/2015,2015,403,403,0,,0,0,Incubation,Success,Success,
3/14/2015,2015,403,403,1,starts 0815,0,10,Incubation,Success,Success,
3/15/2015,2015,403,403,1,,0,10,Incubation,Success,Success,
3/16/2015,2015,403,403,1,,0,10,Incubation,Success,Success,
3/17/2015,2015,403,403,1,,0,10,Incubation,Success,Success,
3/18/2015,2015,403,403,1,,0,10,Incubation,Success,Success,
3/19/2015,2015,403,403,1,,0,10,Incubation,Success,Success,
3/20/2015,2015,403,403,1,,0,10,Incubation,Success,Success,
3/21/2015,2015,403,403,1,,0,10,Nestling,Success,Success,
3/22/2015,2015,403,403,1,,0,10,Nestling,Success,Success,
3/23/2015,2015,403,403,1,,0,10,Nestling,Success,Success,
3/24/2015,2015,403,403,1,,0,10,Nestling,Success,Success,
3/25/2015,2015,403,403,1,,0,10,Nestling,Success,Success,
3/26/2015,2015,403,403,1,,0,10,Nestling,Success,Success,
3/27/2015,2015,403,403,1,,0,10,Nestling,Success,Success,
3/28/2015,2015,403,403,1,,0,10,Nestling,Success,Success,
3/29/2015,2015,403,403,1,,0,10,Nestling,Success,Success,
3/30/2015,2015,403,403,1,,0,10,Nestling,Success,Success,
3/31/2015,2015,403,403,1,,0,10,Nestling,Success,Success,
4/1/2015,2015,403,403,1,fledged,0,10,Nestling,Success,Success,
3/30/2015,2015,404,404,1,,0,10,Incubation,Fox,Native,
3/31/2015,2015,404,404,1,,0,10,Incubation,Fox,Native,night footage black
4/1/2015,2015,404,404,1,,0,10,Incubation,Fox,Native,night footage black
4/2/2015,2015,404,404,1,,0,10,Incubation,Fox,Native,night footage black
4/3/2015,2015,404,404,1,,0,10,Incubation,Fox,Native,
4/4/2015,2015,404,404,1,,0,10,Incubation,Fox,Native,
4/5/2015,2015,404,404,1,,0,10,Incubation,Fox,Native,
4/6/2015,2015,404,404,1,,0,10,Incubation,Fox,Native,
4/7/2015,2015,404,404,1,,0,10,Incubation,Fox,Native,
4/8/2015,2015,404,404,1,predated,1,11,Nestling,Fox,Native,fox
4/6/2015,2015,510,510,1,,0,10,Incubation,Fox,Native,
4/7/2015,2015,510,510,1,,0,10,Incubation,Fox,Native,
4/8/2015,2015,510,510,1,,0,10,Incubation,Fox,Native,
4/9/2015,2015,510,510,1,,0,10,Nestling,Fox,Native,
4/10/2015,2015,510,510,1,,0,10,Nestling,Fox,Native,
4/11/2015,2015,510,510,1,,0,10,Nestling,Fox,Native,
4/12/2015,2015,510,510,1,predated,1,11,Nestling,Fox,Native,fox
4/10/2014,2014,114,114,1,,0,10,Incubation,Fox,Native,
4/11/2014,2014,114,114,1,,0,10,Incubation,Fox,Native,
4/12/2014,2014,114,114,1,predated,1,11,Incubation,Fox,Native,multiple species
4/30/2014,2014,117,117,1,,0,10,Nestling,Mortality,Other,
5/1/2014,2014,117,117,1,,0,10,Nestling,Mortality,Other,
5/2/2014,2014,117,117,1,,0,10,Nestling,Mortality,Other,
5/3/2014,2014,117,117,1,failed,1,11,Nestling,Mortality,Other,Rodent came in after the nestlings already died.
4/30/2014,2014,118,118,1,,0,10,Incubation,Mouse,Native,DTG wrong
5/1/2014,2014,118,118,1,,0,10,Incubation,Mouse,Native,DTG wrong
5/2/2014,2014,118,118,1,,0,10,Incubation,Mouse,Native,DTG wrong
5/3/2014,2014,118,118,1,,0,10,Incubation,Mouse,Native,DTG wrong
5/4/2014,2014,118,118,1,,0,10,Nestling,Mouse,Native,DTG wrong
5/5/2014,2014,118,118,1,,0,10,Nestling,Mouse,Native,DTG wrong
5/6/2014,2014,118,118,1,,0,10,Nestling,Mouse,Native,DTG wrong
5/7/2014,2014,118,118,1,,0,10,Nestling,Mouse,Native,DTG wrong
5/8/2014,2014,118,118,1,,0,10,Nestling,Mouse,Native,DTG wrong
5/9/2014,2014,118,118,1,predated,1,11,Nestling,Mouse,Native,mouse
4/4/2014,2014,207,207,1,,0,10,Incubation,Abandoned,Other,
4/5/2014,2014,207,207,1,,0,10,Incubation,Abandoned,Other,
4/6/2014,2014,207,207,1,,0,10,Incubation,Abandoned,Other,
4/7/2014,2014,207,207,1,failed,1,11,Incubation,Abandoned,Other,
4/23/2014,2014,227,227,1,,0,10,Nestling,Unknown,Other,
4/24/2014,2014,227,227,1,,0,10,Nestling,Unknown,Other,
4/25/2014,2014,227,227,1,,0,10,Nestling,Unknown,Other,
4/26/2014,2014,227,227,1,,0,10,Nestling,Unknown,Other,cuts 08
4/27/2014,2014,227,227,0,,0,0,Nestling,Unknown,Other,
4/28/2014,2014,227,227,1,,0,10,Nestling,Unknown,Other,starts 15
4/29/2014,2014,227,227,1,,0,10,Nestling,Unknown,Other,
4/30/2014,2014,227,227,0,,0,0,Nestling,Unknown,Other,some sort of issue (videos play then cut to black)
5/1/2014,2014,227,227,1,,0,10,Nestling,Unknown,Other,
5/2/2014,2014,227,227,1,failed,1,11,Nestling,Unknown,Other,
4/30/2014,2014,230,230,1,,0,10,Nestling,Fox,Native,
5/1/2014,2014,230,230,1,,0,10,Nestling,Fox,Native,
5/2/2014,2014,230,230,1,predated,1,11,Nestling,Fox,Native,fox
4/4/2014,2014,303,303,1,,0,10,Incubation,Success,Success,
4/5/2014,2014,303,303,1,,0,10,Incubation,Success,Success,
4/6/2014,2014,303,303,1,,0,10,Incubation,Success,Success,
4/7/2014,2014,303,303,1,,0,10,Incubation,Success,Success,
4/8/2014,2014,303,303,1,,0,10,Incubation,Success,Success,
4/9/2014,2014,303,303,1,,0,10,Incubation,Success,Success,
4/10/2014,2014,303,303,1,,0,10,Nestling,Success,Success,
4/11/2014,2014,303,303,1,,0,10,Nestling,Success,Success,
4/12/2014,2014,303,303,1,,0,10,Nestling,Success,Success,
4/13/2014,2014,303,303,1,,0,10,Nestling,Success,Success,
4/14/2014,2014,303,303,1,,0,10,Nestling,Success,Success,
4/15/2014,2014,303,303,1,,0,10,Nestling,Success,Success,
4/16/2014,2014,303,303,1,,0,10,Nestling,Success,Success,
4/17/2014,2014,303,303,1,,0,10,Nestling,Success,Success,cuts 09
4/18/2014,2014,303,303,0,,0,0,Nestling,Success,Success,
4/19/2014,2014,303,303,1,,0,10,Nestling,Success,Success,starts 09; cuts 1030
4/20/2014,2014,303,303,1,,0,10,Nestling,Success,Success,starts 02
4/21/2014,2014,303,303,1,fledged,0,10,Nestling,Success,Success,
4/3/2014,2014,304,304,1,predated,1,11,Incubation,Unknown,Other,
4/20/2014,2014,307,307,0,,0,0,Nestling,Fox,Native,
4/21/2014,2014,307,307,0,,0,0,Nestling,Fox,Native,a few hours present (10-14)
4/22/2014,2014,307,307,1,,0,10,Nestling,Fox,Native,DTG wrong
4/23/2014,2014,307,307,1,,0,10,Nestling,Fox,Native,DTG wrong
4/24/2014,2014,307,307,1,,0,10,Nestling,Fox,Native,DTG wrong
4/25/2014,2014,307,307,1,,0,10,Nestling,Fox,Native,DTG wrong
4/26/2014,2014,307,307,1,,0,10,Nestling,Fox,Native,
4/27/2014,2014,307,307,1,,0,10,Nestling,Fox,Native,
4/28/2014,2014,307,307,1,,0,10,Nestling,Fox,Native,
4/29/2014,2014,307,307,1,,0,10,Nestling,Fox,Native,
4/30/2014,2014,307,307,1,force fledge,1,11,Nestling,Fox,Native,"fox, force fledged a few"
4/10/2014,2014,403,403,1,,0,10,Incubation,Success,Success,
4/11/2014,2014,403,403,1,,0,10,Incubation,Success,Success,
4/12/2014,2014,403,403,1,,0,10,Incubation,Success,Success,
4/13/2014,2014,403,403,1,,0,10,Incubation,Success,Success,
4/14/2014,2014,403,403,1,,0,10,Incubation,Success,Success,
4/15/2014,2014,403,403,1,,0,10,Nestling,Success,Success,
4/16/2014,2014,403,403,1,,0,10,Nestling,Success,Success,
4/17/2014,2014,403,403,1,,0,10,Nestling,Success,Success,
4/18/2014,2014,403,403,1,,0,10,Nestling,Success,Success,
4/19/2014,2014,403,403,1,,0,10,Nestling,Success,Success,
4/20/2014,2014,403,403,1,,0,10,Nestling,Success,Success,
4/21/2014,2014,403,403,1,,0,10,Nestling,Success,Success,
4/22/2014,2014,403,403,1,,0,10,Nestling,Success,Success,
4/23/2014,2014,403,403,1,,0,10,Nestling,Success,Success,
4/24/2014,2014,403,403,1,force fledge,0,10,Nestling,Success,Success,2 chicks force fledged by raven
4/23/2014,2014,407,407,1,,0,10,Incubation,Abandoned,Other,
4/24/2014,2014,407,407,1,,0,10,Incubation,Abandoned,Other,footage dark
4/25/2014,2014,407,407,1,,0,10,Incubation,Abandoned,Other,footage dark
4/26/2014,2014,407,407,1,,0,10,Incubation,Abandoned,Other,footage dark
4/27/2014,2014,407,407,1,,0,10,Incubation,Abandoned,Other,
4/28/2014,2014,407,407,1,,0,10,Incubation,Abandoned,Other,
4/29/2014,2014,407,407,1,,0,10,Incubation,Abandoned,Other,
4/30/2014,2014,407,407,1,,0,10,Incubation,Abandoned,Other,
5/1/2014,2014,407,407,1,,0,10,Incubation,Abandoned,Other,sections whited out
5/2/2014,2014,407,407,1,,0,10,Incubation,Abandoned,Other,footage dark
5/3/2014,2014,407,407,1,,0,10,Nestling,Abandoned,Other,footage dark
5/4/2014,2014,407,407,1,,0,10,Nestling,Abandoned,Other,footage dark
5/5/2014,2014,407,407,1,,0,10,Nestling,Abandoned,Other,
5/6/2014,2014,407,407,1,abandoned,1,11,Nestling,Abandoned,Other,
4/11/2014,2014,501,501,1,,0,10,Incubation,Fox,Native,
4/12/2014,2014,501,501,1,predated,1,11,Incubation,Fox,Native,fox
4/25/2012,2012,1C-1,1C-1,1,,0,10,Incubation,Unknown,Other,footage dark
4/26/2012,2012,1C-1,1C-1,1,,0,10,Incubation,Unknown,Other,footage dark
4/27/2012,2012,1C-1,1C-1,1,,0,10,Nestling,Unknown,Other,cuts 1400
4/28/2012,2012,1C-1,1C-1,0,,0,0,Nestling,Unknown,Other,
4/29/2012,2012,1C-1,1C-1,1,,0,10,Nestling,Unknown,Other,starts 1630
4/30/2012,2012,1C-1,1C-1,1,,0,10,Nestling,Unknown,Other,
5/1/2012,2012,1C-1,1C-1,1,,0,10,Nestling,Unknown,Other,
5/2/2012,2012,1C-1,1C-1,1,,0,10,Nestling,Unknown,Other,cuts 1930
5/3/2012,2012,1C-1,1C-1,0,,0,0,Nestling,Unknown,Other,
5/4/2012,2012,1C-1,1C-1,0,,0,0,Nestling,Unknown,Other,
5/5/2012,2012,1C-1,1C-1,0,,0,0,Nestling,Unknown,Other,
5/6/2012,2012,1C-1,1C-1,0,,0,0,Nestling,Unknown,Other,
5/7/2012,2012,1C-1,1C-1,0,,0,0,Nestling,Unknown,Other,
5/8/2012,2012,1C-1,1C-1,1,Unknown,1,11,Nestling,Unknown,Other,
4/23/2012,2012,2D-1,2D-1,1,,0,10,Incubation,Raven,Native,
4/24/2012,2012,2D-1,2D-1,1,,0,10,Incubation,Raven,Native,
4/25/2012,2012,2D-1,2D-1,1,,0,10,Incubation,Raven,Native,
4/26/2012,2012,2D-1,2D-1,1,,0,10,Incubation,Raven,Native,cuts 1430
4/27/2012,2012,2D-1,2D-1,0,,0,0,Incubation,Raven,Native,
4/28/2012,2012,2D-1,2D-1,1,,0,10,Incubation,Raven,Native,starts 1400
4/29/2012,2012,2D-1,2D-1,1,,0,10,Incubation,Raven,Native,
4/30/2012,2012,2D-1,2D-1,1,,0,10,Incubation,Raven,Native,
5/1/2012,2012,2D-1,2D-1,1,predated,1,11,Nestling,Raven,Native,raven
4/23/2012,2012,2L-1,2L-1,1,,0,10,Incubation,Unknown,Other,
4/24/2012,2012,2L-1,2L-1,1,,0,10,Incubation,Unknown,Other,
4/25/2012,2012,2L-1,2L-1,1,,0,10,Incubation,Unknown,Other,
4/26/2012,2012,2L-1,2L-1,1,,0,10,Incubation,Unknown,Other,
4/27/2012,2012,2L-1,2L-1,1,,0,10,Incubation,Unknown,Other,
4/28/2012,2012,2L-1,2L-1,1,,0,10,Incubation,Unknown,Other,cuts 8pm
4/29/2012,2012,2L-1,2L-1,1,,0,10,Incubation,Unknown,Other,resumes 1330
4/30/2012,2012,2L-1,2L-1,1,,0,10,Incubation,Unknown,Other,
5/1/2012,2012,2L-1,2L-1,1,,0,10,Nestling,Unknown,Other,
5/2/2012,2012,2L-1,2L-1,1,,0,10,Nestling,Unknown,Other,
5/3/2012,2012,2L-1,2L-1,1,,0,10,Nestling,Unknown,Other,
5/4/2012,2012,2L-1,2L-1,1,,0,10,Nestling,Unknown,Other,
5/5/2012,2012,2L-1,2L-1,0,,0,0,Nestling,Unknown,Other,cuts 0330
5/6/2012,2012,2L-1,2L-1,1,predated,1,1,Nestling,Unknown,Other,
6/3/2012,2012,2R-1,2R-1,1,,0,10,Incubation,Success,Success,
6/4/2012,2012,2R-1,2R-1,1,,0,10,Incubation,Success,Success,
6/5/2012,2012,2R-1,2R-1,1,,0,10,Incubation,Success,Success,
6/6/2012,2012,2R-1,2R-1,1,,0,10,Incubation,Success,Success,
6/7/2012,2012,2R-1,2R-1,1,,0,10,Incubation,Success,Success,
6/8/2012,2012,2R-1,2R-1,1,,0,10,Nestling,Success,Success,
6/9/2012,2012,2R-1,2R-1,1,,0,10,Nestling,Success,Success,
6/10/2012,2012,2R-1,2R-1,1,,0,10,Nestling,Success,Success,
6/11/2012,2012,2R-1,2R-1,1,,0,10,Nestling,Success,Success,
6/12/2012,2012,2R-1,2R-1,1,,0,10,Nestling,Success,Success,
6/13/2012,2012,2R-1,2R-1,1,,0,10,Nestling,Success,Success,
6/14/2012,2012,2R-1,2R-1,1,,0,10,Nestling,Success,Success,
6/15/2012,2012,2R-1,2R-1,1,,0,10,Nestling,Success,Success,
6/16/2012,2012,2R-1,2R-1,1,fledged,0,10,Nestling,Success,Success,
6/2/2012,2012,3B-2,3B-2,1,,0,10,Incubation,Success,Success,
6/3/2012,2012,3B-2,3B-2,1,,0,10,Incubation,Success,Success,
6/4/2012,2012,3B-2,3B-2,1,,0,10,Nestling,Success,Success,
6/5/2012,2012,3B-2,3B-2,1,,0,10,Nestling,Success,Success,
6/6/2012,2012,3B-2,3B-2,1,,0,10,Nestling,Success,Success,
6/7/2012,2012,3B-2,3B-2,1,,0,10,Nestling,Success,Success,
6/8/2012,2012,3B-2,3B-2,1,,0,10,Nestling,Success,Success,
6/9/2012,2012,3B-2,3B-2,1,,0,10,Nestling,Success,Success,
6/10/2012,2012,3B-2,3B-2,1,,0,10,Nestling,Success,Success,
6/11/2012,2012,3B-2,3B-2,1,,0,10,Nestling,Success,Success,
6/12/2012,2012,3B-2,3B-2,1,,0,10,Nestling,Success,Success,
6/13/2012,2012,3B-2,3B-2,1,,0,10,Nestling,Success,Success,
6/14/2012,2012,3B-2,3B-2,1,,0,10,Nestling,Success,Success,
6/15/2012,2012,3B-2,3B-2,1,fledged,0,10,Nestling,Success,Success,
5/16/2012,2012,3N-2,3N-2,1,,0,10,Incubation,Success,Success,
5/17/2012,2012,3N-2,3N-2,1,,0,10,Incubation,Success,Success,
5/18/2012,2012,3N-2,3N-2,1,,0,10,Incubation,Success,Success,
5/19/2012,2012,3N-2,3N-2,1,,0,10,Incubation,Success,Success,
5/20/2012,2012,3N-2,3N-2,1,,0,10,Incubation,Success,Success,
5/21/2012,2012,3N-2,3N-2,1,,0,10,Incubation,Success,Success,
5/22/2012,2012,3N-2,3N-2,1,,0,10,Incubation,Success,Success,
5/23/2012,2012,3N-2,3N-2,1,,0,10,Incubation,Success,Success,
5/24/2012,2012,3N-2,3N-2,1,,0,10,Incubation,Success,Success,
5/25/2012,2012,3N-2,3N-2,1,,0,10,Incubation,Success,Success,
5/26/2012,2012,3N-2,3N-2,1,,0,10,Nestling,Success,Success,
5/27/2012,2012,3N-2,3N-2,1,,0,10,Nestling,Success,Success,
5/28/2012,2012,3N-2,3N-2,1,,0,10,Nestling,Success,Success,
5/29/2012,2012,3N-2,3N-2,1,,0,10,Nestling,Success,Success,
5/30/2012,2012,3N-2,3N-2,1,,0,10,Nestling,Success,Success,
5/31/2012,2012,3N-2,3N-2,1,,0,10,Nestling,Success,Success,
6/1/2012,2012,3N-2,3N-2,1,,0,10,Nestling,Success,Success,
6/2/2012,2012,3N-2,3N-2,1,,0,10,Nestling,Success,Success,
6/3/2012,2012,3N-2,3N-2,1,,0,10,Nestling,Success,Success,
6/4/2012,2012,3N-2,3N-2,1,,0,10,Nestling,Success,Success,
6/5/2012,2012,3N-2,3N-2,1,,0,10,Nestling,Success,Success,
6/6/2012,2012,3N-2,3N-2,1,,0,10,Nestling,Success,Success,
6/7/2012,2012,3N-2,3N-2,1,fledged,0,10,Nestling,Success,Success,
5/20/2012,2012,4D-2,4D-2,1,,0,10,Nestling,Fox,Native,
5/21/2012,2012,4D-2,4D-2,1,,0,10,Nestling,Fox,Native,
5/22/2012,2012,4D-2,4D-2,1,,0,10,Nestling,Fox,Native,
5/23/2012,2012,4D-2,4D-2,1,,0,10,Nestling,Fox,Native,
5/24/2012,2012,4D-2,4D-2,1,,0,10,Nestling,Fox,Native,
5/25/2012,2012,4D-2,4D-2,1,predated,1,11,Nestling,Fox,Native,
4/15/2012,2012,5aJ-1,5aJ-1,1,,0,10,Incubation,Success,Success,
4/16/2012,2012,5aJ-1,5aJ-1,1,,0,10,Incubation,Success,Success,
4/17/2012,2012,5aJ-1,5aJ-1,1,,0,10,Incubation,Success,Success,
4/18/2012,2012,5aJ-1,5aJ-1,1,,0,10,Incubation,Success,Success,
4/19/2012,2012,5aJ-1,5aJ-1,1,,0,10,Incubation,Success,Success,
4/20/2012,2012,5aJ-1,5aJ-1,1,,0,10,Incubation,Success,Success,
4/21/2012,2012,5aJ-1,5aJ-1,1,,0,10,Incubation,Success,Success,
4/22/2012,2012,5aJ-1,5aJ-1,1,,0,10,Incubation,Success,Success,
4/23/2012,2012,5aJ-1,5aJ-1,1,,0,10,Incubation,Success,Success,cuts 4pm
4/24/2012,2012,5aJ-1,5aJ-1,0,,0,0,Incubation,Success,Success,starts 10pm
4/25/2012,2012,5aJ-1,5aJ-1,1,,0,10,Nestling,Success,Success,
4/26/2012,2012,5aJ-1,5aJ-1,1,,0,10,Nestling,Success,Success,
4/27/2012,2012,5aJ-1,5aJ-1,1,,0,10,Nestling,Success,Success,
4/28/2012,2012,5aJ-1,5aJ-1,1,,0,10,Nestling,Success,Success,
4/29/2012,2012,5aJ-1,5aJ-1,1,,0,10,Nestling,Success,Success,
4/30/2012,2012,5aJ-1,5aJ-1,1,,0,10,Nestling,Success,Success,
5/1/2012,2012,5aJ-1,5aJ-1,1,,0,10,Nestling,Success,Success,
5/2/2012,2012,5aJ-1,5aJ-1,1,,0,10,Nestling,Success,Success,
5/3/2012,2012,5aJ-1,5aJ-1,1,,0,10,Nestling,Success,Success,
5/4/2012,2012,5aJ-1,5aJ-1,1,,0,10,Nestling,Success,Success,
5/5/2012,2012,5aJ-1,5aJ-1,1,fledged? Video incomplete?,0,10,Nestling,Success,Success,
5/7/2012,2012,5bF-2,5bF-2,1,,0,10,Incubation,Success,Success,
5/8/2012,2012,5bF-2,5bF-2,1,,0,10,Incubation,Success,Success,
5/9/2012,2012,5bF-2,5bF-2,1,,0,10,Incubation,Success,Success,
5/10/2012,2012,5bF-2,5bF-2,1,,0,10,Incubation,Success,Success,
5/11/2012,2012,5bF-2,5bF-2,1,,0,10,Incubation,Success,Success,
5/12/2012,2012,5bF-2,5bF-2,1,,0,10,Incubation,Success,Success,
5/13/2012,2012,5bF-2,5bF-2,1,,0,10,Incubation,Success,Success,
5/14/2012,2012,5bF-2,5bF-2,1,,0,10,Incubation,Success,Success,
5/15/2012,2012,5bF-2,5bF-2,1,,0,10,Incubation,Success,Success,
5/16/2012,2012,5bF-2,5bF-2,1,,0,10,Incubation,Success,Success,
5/17/2012,2012,5bF-2,5bF-2,1,,0,10,Incubation,Success,Success,
5/18/2012,2012,5bF-2,5bF-2,1,,0,10,Nestling,Success,Success,
5/19/2012,2012,5bF-2,5bF-2,1,,0,10,Nestling,Success,Success,
5/20/2012,2012,5bF-2,5bF-2,1,,0,10,Nestling,Success,Success,
5/21/2012,2012,5bF-2,5bF-2,1,,0,10,Nestling,Success,Success,
5/22/2012,2012,5bF-2,5bF-2,1,,0,10,Nestling,Success,Success,
5/23/2012,2012,5bF-2,5bF-2,1,,0,10,Nestling,Success,Success,
5/24/2012,2012,5bF-2,5bF-2,1,,0,10,Nestling,Success,Success,
5/25/2012,2012,5bF-2,5bF-2,1,,0,10,Nestling,Success,Success,
5/26/2012,2012,5bF-2,5bF-2,1,,0,10,Nestling,Success,Success,
5/27/2012,2012,5bF-2,5bF-2,1,,0,10,Nestling,Success,Success,
5/28/2012,2012,5bF-2,5bF-2,1,fledged,0,10,Nestling,Success,Success,
5/20/2012,2012,5bT-1,5bT-1,1,,0,10,Incubation,Success,Success,
5/21/2012,2012,5bT-1,5bT-1,1,,0,10,Incubation,Success,Success,
5/22/2012,2012,5bT-1,5bT-1,1,,0,10,Incubation,Success,Success,
5/23/2012,2012,5bT-1,5bT-1,1,,0,10,Nestling,Success,Success,
5/24/2012,2012,5bT-1,5bT-1,1,,0,10,Nestling,Success,Success,
5/25/2012,2012,5bT-1,5bT-1,1,,0,10,Nestling,Success,Success,
5/26/2012,2012,5bT-1,5bT-1,1,,0,10,Nestling,Success,Success,
5/27/2012,2012,5bT-1,5bT-1,1,,0,10,Nestling,Success,Success,
5/28/2012,2012,5bT-1,5bT-1,1,,0,10,Nestling,Success,Success,
5/29/2012,2012,5bT-1,5bT-1,1,,0,10,Nestling,Success,Success,
5/30/2012,2012,5bT-1,5bT-1,1,fledged,0,10,Nestling,Success,Success,
5/23/2012,2012,5bV-1,5bV-1,1,,0,10,Nestling,Success,Success,
5/24/2012,2012,5bV-1,5bV-1,1,,0,10,Nestling,Success,Success,
5/25/2012,2012,5bV-1,5bV-1,1,,0,10,Nestling,Success,Success,
5/26/2012,2012,5bV-1,5bV-1,1,,0,10,Nestling,Success,Success,
5/27/2012,2012,5bV-1,5bV-1,1,,0,10,Nestling,Success,Success,
5/28/2012,2012,5bV-1,5bV-1,1,,0,10,Nestling,Success,Success,
5/29/2012,2012,5bV-1,5bV-1,1,,0,10,Nestling,Success,Success,
5/30/2012,2012,5bV-1,5bV-1,1,,0,10,Nestling,Success,Success,
5/31/2012,2012,5bV-1,5bV-1,1,fledged,0,10,Nestling,Success,Success,
2/23/2019,2019,005,5,1,,0,10,Incubation,Success,Success,
2/24/2019,2019,005,5,1,,0,10,Nestling,Success,Success,
2/25/2019,2019,005,5,1,,0,10,Nestling,Success,Success,
2/26/2019,2019,005,5,1,,0,10,Nestling,Success,Success,
2/27/2019,2019,005,5,1,,0,10,Nestling,Success,Success,
2/28/2019,2019,005,5,1,,0,10,Nestling,Success,Success,
3/1/2019,2019,005,5,1,,0,10,Nestling,Success,Success,
3/2/2019,2019,005,5,1,,0,10,Nestling,Success,Success,
3/3/2019,2019,005,5,1,,0,10,Nestling,Success,Success,
3/4/2019,2019,005,5,1,,0,10,Nestling,Success,Success,
3/5/2019,2019,005,5,1,,0,10,Nestling,Success,Success,
3/6/2019,2019,005,5,1,,0,10,Nestling,Success,Success,
3/7/2019,2019,005,5,1,fledge,0,10,Nestling,Success,Success,
2/26/2019,2019,012,12,1,,0,10,Incubation,Success,Success,
2/27/2019,2019,012,12,1,,0,10,Incubation,Success,Success,
2/28/2019,2019,012,12,1,,0,10,Incubation,Success,Success,
3/1/2019,2019,012,12,1,,0,10,Incubation,Success,Success,
3/2/2019,2019,012,12,1,,0,10,Nestling,Success,Success,
3/3/2019,2019,012,12,1,,0,10,Nestling,Success,Success,
3/4/2019,2019,012,12,1,,0,10,Nestling,Success,Success,
3/5/2019,2019,012,12,1,,0,10,Nestling,Success,Success,
3/6/2019,2019,012,12,1,,0,10,Nestling,Success,Success,
3/7/2019,2019,012,12,1,,0,10,Nestling,Success,Success,
3/8/2019,2019,012,12,1,,0,10,Nestling,Success,Success,
3/9/2019,2019,012,12,1,,0,10,Nestling,Success,Success,
3/10/2019,2019,012,12,1,,0,10,Nestling,Success,Success,
3/11/2019,2019,012,12,1,,0,10,Nestling,Success,Success,
3/12/2019,2019,012,12,1,,0,10,Nestling,Success,Success,
3/13/2019,2019,012,12,1,fledge,0,10,Nestling,Success,Success,
3/9/2019,2019,022,22,1,,0,10,Incubation,Fox,Native,
3/10/2019,2019,022,22,1,,0,10,Incubation,Fox,Native,
3/11/2019,2019,022,22,1,,0,10,Incubation,Fox,Native,no video 0500 - 0843
3/12/2019,2019,022,22,1,,0,10,Incubation,Fox,Native,
3/13/2019,2019,022,22,1,predated,1,11,Incubation,Fox,Native,
3/25/2019,2019,029,29,1,,0,10,Incubation,Rat,Invasive,
3/26/2019,2019,029,29,1,,0,10,Incubation,Rat,Invasive,
3/27/2019,2019,029,29,1,,0,10,Incubation,Rat,Invasive,
3/28/2019,2019,029,29,1,predated,1,11,Incubation,Rat,Invasive,
4/6/2019,2019,036,36,1,,0,10,Incubation,Fox,Native,
4/7/2019,2019,036,36,1,,0,10,Incubation,Fox,Native,
4/8/2019,2019,036,36,1,,0,10,Incubation,Fox,Native,
4/9/2019,2019,036,36,1,,0,10,Incubation,Fox,Native,
4/10/2019,2019,036,36,1,,0,10,Incubation,Fox,Native,
4/11/2019,2019,036,36,1,,0,10,Incubation,Fox,Native,
4/12/2019,2019,036,36,1,,0,10,Incubation,Fox,Native,
4/13/2019,2019,036,36,1,predated,1,11,Incubation,Fox,Native,
4/18/2019,2019,043,43,1,,0,10,Incubation,Fox,Native,
4/19/2019,2019,043,43,1,,0,10,Nestling,Fox,Native,
4/20/2019,2019,043,43,1,,0,10,Nestling,Fox,Native,
4/21/2019,2019,043,43,1,,0,10,Nestling,Fox,Native,
4/22/2019,2019,043,43,1,,0,10,Nestling,Fox,Native,
4/23/2019,2019,043,43,1,,0,10,Nestling,Fox,Native,
4/24/2019,2019,043,43,1,,0,10,Nestling,Fox,Native,
4/25/2019,2019,043,43,1,,0,10,Nestling,Fox,Native,
4/26/2019,2019,043,43,1,,0,10,Nestling,Fox,Native,
4/27/2019,2019,043,43,1,,0,10,Nestling,Fox,Native,
4/28/2019,2019,043,43,1,,0,10,Nestling,Fox,Native,
4/29/2019,2019,043,43,1,,0,10,Nestling,Fox,Native,
4/30/2019,2019,043,43,1,predated,1,11,Nestling,Fox,Native,
5/4/2019,2019,048,48,1,,0,10,Incubation,Rat,Invasive,
5/5/2019,2019,048,48,1,Predated,1,11,Incubation,Rat,Invasive,
5/1/2019,2019,211,211,1,,0,10,Incubation,Success,Success,
5/2/2019,2019,211,211,1,,0,10,Incubation,Success,Success,
5/3/2019,2019,211,211,1,,0,10,Incubation,Success,Success,
5/4/2019,2019,211,211,1,,0,10,Incubation,Success,Success,
5/5/2019,2019,211,211,1,,0,10,Incubation,Success,Success,
5/6/2019,2019,211,211,1,,0,10,Incubation,Success,Success,
5/7/2019,2019,211,211,0,,0,0,Incubation,Success,Success,Video cuts 800 5/7
5/8/2019,2019,211,211,0,,0,0,Incubation,Success,Success,
5/9/2019,2019,211,211,1,,0,10,Incubation,Success,Success,
5/10/2019,2019,211,211,1,,0,10,Incubation,Success,Success,
5/11/2019,2019,211,211,1,,0,10,Nestling,Success,Success,
5/12/2019,2019,211,211,1,,0,10,Nestling,Success,Success,
5/13/2019,2019,211,211,1,,0,10,Nestling,Success,Success,
5/14/2019,2019,211,211,1,,0,10,Nestling,Success,Success,
5/15/2019,2019,211,211,1,,0,10,Nestling,Success,Success,
5/16/2019,2019,211,211,1,,0,10,Nestling,Success,Success,
5/17/2019,2019,211,211,1,,0,10,Nestling,Success,Success,
5/18/2019,2019,211,211,1,,0,10,Nestling,Success,Success,
5/19/2019,2019,211,211,1,,0,10,Nestling,Success,Success,
5/20/2019,2019,211,211,1,,0,10,Nestling,Success,Success,
5/21/2019,2019,211,211,1,,0,10,Nestling,Success,Success,
5/22/2019,2019,211,211,1,force fledged,0,10,Nestling,Success,Success,
5/8/2019,2019,303,303,0,,0,0,Incubation,Fox,Native,Camera inoperable
5/9/2019,2019,303,303,0,,0,0,Incubation,Fox,Native,Camera inoperable
5/10/2019,2019,303,303,1,,0,10,Incubation,Fox,Native,
5/11/2019,2019,303,303,1,,0,10,Incubation,Fox,Native,
5/12/2019,2019,303,303,1,,0,10,Incubation,Fox,Native,
5/13/2019,2019,303,303,1,,0,10,Nestling,Fox,Native,
5/14/2019,2019,303,303,1,,0,10,Nestling,Fox,Native,Inoperable from 0051 to 0630
5/15/2019,2019,303,303,0,,0,0,Nestling,Fox,Native,Footage effectively unusable
5/16/2019,2019,303,303,1,,0,10,Nestling,Fox,Native,Footage dark but usable
5/17/2019,2019,303,303,1,,0,10,Nestling,Fox,Native,Footage dark but usable
5/18/2019,2019,303,303,1,,0,10,Nestling,Fox,Native,Footage dark but usable
5/19/2019,2019,303,303,1,,0,10,Nestling,Fox,Native,
5/20/2019,2019,303,303,1,,0,10,Nestling,Fox,Native,Inop 5/20 1742 to 5/21 0905
5/21/2019,2019,303,303,1,,0,10,Nestling,Fox,Native,Inop 5/21 1731 to 5/22 0927
5/22/2019,2019,303,303,1,,0,10,Nestling,Fox,Native,Inop 5/22 1809 to 5/23 0717
5/23/2019,2019,303,303,1,,0,10,Nestling,Fox,Native,
5/24/2019,2019,303,303,1,predated,1,11,Nestling,Fox,Native,
4/17/2019,2019,410,410,1,,0,10,Incubation,Success,Success,
4/18/2019,2019,410,410,1,,0,10,Incubation,Success,Success,
4/19/2019,2019,410,410,1,,0,10,Incubation,Success,Success,
4/20/2019,2019,410,410,1,,0,10,Incubation,Success,Success,
4/21/2019,2019,410,410,1,,0,10,Nestling,Success,Success,
4/22/2019,2019,410,410,1,,0,10,Nestling,Success,Success,
4/23/2019,2019,410,410,1,,0,10,Nestling,Success,Success,
4/24/2019,2019,410,410,1,,0,10,Nestling,Success,Success,
4/25/2019,2019,410,410,1,,0,10,Nestling,Success,Success,
4/26/2019,2019,410,410,1,,0,10,Nestling,Success,Success,
4/27/2019,2019,410,410,1,,0,10,Nestling,Success,Success,
4/28/2019,2019,410,410,0,,0,0,Nestling,Success,Success,Inop 4/27 1200 to 4/29 0900
4/29/2019,2019,410,410,1,,0,10,Nestling,Success,Success,
4/30/2019,2019,410,410,1,,0,10,Nestling,Success,Success,
5/1/2019,2019,410,410,1,,0,10,Nestling,Success,Success,
5/2/2019,2019,410,410,1,Fledged,0,10,Nestling,Success,Success,
4/21/2019,2019,412,412,1,,0,10,Incubation,Success,Success,
4/22/2019,2019,412,412,1,,0,10,Incubation,Success,Success,
4/23/2019,2019,412,412,1,,0,10,Incubation,Success,Success,
4/24/2019,2019,412,412,1,,0,10,Incubation,Success,Success,
4/25/2019,2019,412,412,1,,0,10,Incubation,Success,Success,
4/26/2019,2019,412,412,0,,0,0,Incubation,Success,Success,Inop 4/25 1117 to 4/27 1107
4/27/2019,2019,412,412,1,,0,10,Incubation,Success,Success,
4/28/2019,2019,412,412,1,,0,10,Incubation,Success,Success,
4/29/2019,2019,412,412,1,,0,10,Nestling,Success,Success,
4/30/2019,2019,412,412,1,,0,10,Nestling,Success,Success,
5/1/2019,2019,412,412,1,,0,10,Nestling,Success,Success,
5/2/2019,2019,412,412,1,,0,10,Nestling,Success,Success,
5/3/2019,2019,412,412,1,,0,10,Nestling,Success,Success,
5/4/2019,2019,412,412,1,,0,10,Nestling,Success,Success,
5/5/2019,2019,412,412,1,,0,10,Nestling,Success,Success,
5/6/2019,2019,412,412,0,,0,0,Nestling,Success,Success,Cuts out 0216
5/7/2019,2019,412,412,1,,0,10,Nestling,Success,Success,Back 5/7 1042
5/8/2019,2019,412,412,1,,0,10,Nestling,Success,Success,
5/9/2019,2019,412,412,1,,0,10,Nestling,Success,Success,
5/10/2019,2019,412,412,1,,0,10,Nestling,Success,Success,
5/11/2019,2019,412,412,1,fledged,0,10,Nestling,Success,Success,
6/1/2019,2019,420,420,1,,0,10,Nestling,Success,Success,
6/2/2019,2019,420,420,1,,0,10,Nestling,Success,Success,
6/3/2019,2019,420,420,1,,0,10,Nestling,Success,Success,
6/4/2019,2019,420,420,1,,0,10,Nestling,Success,Success,
6/5/2019,2019,420,420,1,,0,10,Nestling,Success,Success,Cuts out 1404
6/6/2019,2019,420,420,0,,0,0,Nestling,Success,Success,
6/7/2019,2019,420,420,0,,0,0,Nestling,Success,Success,
6/8/2019,2019,420,420,0,,0,0,Nestling,Success,Success,
6/9/2019,2019,420,420,0,,0,0,Nestling,Success,Success,Back 6/9 1449
6/10/2019,2019,420,420,1,,0,10,Nestling,Success,Success,
6/11/2019,2019,420,420,1,,0,10,Nestling,Success,Success,
6/12/2019,2019,420,420,1,fledged,0,10,Nestling,Success,Success,
6/3/2019,2019,421,421,1,,0,10,Incubation,Rat,Invasive,
6/4/2019,2019,421,421,1,,0,10,Nestling,Rat,Invasive,cut out 6/4 939
6/5/2019,2019,421,421,1,,0,10,Nestling,Rat,Invasive,back 6/5 941
6/6/2019,2019,421,421,1,,0,10,Nestling,Rat,Invasive,
6/7/2019,2019,421,421,1,predated,1,11,Nestling,Rat,Invasive,
2/26/2019,2019,501,501,1,,0,10,Nestling,Success,Success,
2/27/2019,2019,501,501,1,,0,10,Nestling,Success,Success,
2/28/2019,2019,501,501,1,,0,10,Nestling,Success,Success,
3/1/2019,2019,501,501,1,,0,10,Nestling,Success,Success,
3/2/2019,2019,501,501,1,,0,10,Nestling,Success,Success,
3/3/2019,2019,501,501,1,,0,10,Nestling,Success,Success,
3/4/2019,2019,501,501,1,,0,10,Nestling,Success,Success,
3/5/2019,2019,501,501,1,,0,10,Nestling,Success,Success,
3/6/2019,2019,501,501,1,,0,10,Nestling,Success,Success,cuts out 3/6 2004
3/7/2019,2019,501,501,0,,0,0,Nestling,Success,Success,
3/8/2019,2019,501,501,1,,0,10,Nestling,Success,Success,back 3/8 0843
3/9/2019,2019,501,501,1,fledged,0,10,Nestling,Success,Success,
6/15/2019,2019,063,63,1,,0,10,Incubation,Fox,Native,
6/16/2019,2019,063,63,1,,0,10,Incubation,Fox,Native,
6/17/2019,2019,063,63,1,,0,10,Incubation,Fox,Native,
6/18/2019,2019,063,63,1,,0,10,Incubation,Fox,Native,
6/19/2019,2019,063,63,1,,0,10,Incubation,Fox,Native,
6/20/2019,2019,063,63,1,,0,10,Incubation,Fox,Native,
6/21/2019,2019,063,63,1,,0,10,Incubation,Fox,Native,
6/22/2019,2019,063,63,1,,0,10,Incubation,Fox,Native,
6/23/2019,2019,063,63,1,,0,10,Incubation,Fox,Native,
6/24/2019,2019,063,63,1,,0,10,Nestling,Fox,Native,
6/25/2019,2019,063,63,1,,0,10,Nestling,Fox,Native,
6/26/2019,2019,063,63,1,,0,10,Nestling,Fox,Native,
6/27/2019,2019,063,63,1,,0,10,Nestling,Fox,Native,
6/28/2019,2019,063,63,1,,0,10,Nestling,Fox,Native,
6/29/2019,2019,063,63,1,,0,10,Nestling,Fox,Native,
6/30/2019,2019,063,63,1,,0,10,Nestling,Fox,Native,
7/1/2019,2019,063,63,1,predated,1,11,Nestling,Fox,Native,
5/10/2013,2013,010,10,1,,0,10,Nestling,Success,Success,
5/11/2013,2013,010,10,1,,0,10,Nestling,Success,Success,
5/12/2013,2013,010,10,1,,0,10,Nestling,Success,Success,
5/13/2013,2013,010,10,1,,0,10,Nestling,Success,Success,
5/14/2013,2013,010,10,1,,0,10,Nestling,Success,Success,
5/15/2013,2013,010,10,1,fledged,0,10,Nestling,Success,Success,
5/14/2013,2013,011,11,1,,0,10,Nestling,Success,Success,
5/15/2013,2013,011,11,0,,0,0,Nestling,Success,Success,stopped recording at 1608
5/16/2013,2013,011,11,0,,0,0,Nestling,Success,Success,
5/17/2013,2013,011,11,0,,0,0,Nestling,Success,Success,Recording started back up after battery change
5/18/2013,2013,011,11,1,,0,10,Nestling,Success,Success,
5/19/2013,2013,011,11,1,,0,10,Nestling,Success,Success,night footage bad
5/20/2013,2013,011,11,1,,0,10,Nestling,Success,Success,
5/21/2013,2013,011,11,1,,0,10,Nestling,Success,Success,
5/22/2013,2013,011,11,1,,0,10,Nestling,Success,Success,
5/23/2013,2013,011,11,1,,0,10,Nestling,Success,Success,
5/24/2013,2013,011,11,1,fledged,0,10,Nestling,Success,Success,
4/21/2013,2013,107,107,1,,0,10,Incubation,Success,Success,
4/22/2013,2013,107,107,1,,0,10,Incubation,Success,Success,
4/23/2013,2013,107,107,1,,0,10,Incubation,Success,Success,
4/24/2013,2013,107,107,1,,0,10,Incubation,Success,Success,
4/25/2013,2013,107,107,1,,0,10,Incubation,Success,Success,
4/26/2013,2013,107,107,1,,0,10,Incubation,Success,Success,
4/27/2013,2013,107,107,0,,0,0,Incubation,Success,Success,was not recording
4/28/2013,2013,107,107,0,,0,0,Incubation,Success,Success,
4/29/2013,2013,107,107,1,,0,10,Incubation,Success,Success,resumes recording
4/30/2013,2013,107,107,1,,0,10,Incubation,Success,Success,
5/1/2013,2013,107,107,1,,0,10,Incubation,Success,Success,
5/2/2013,2013,107,107,1,,0,10,Incubation,Success,Success,
5/3/2013,2013,107,107,1,,0,10,Incubation,Success,Success,
5/4/2013,2013,107,107,1,,0,10,Nestling,Success,Success,
5/5/2013,2013,107,107,1,,0,10,Nestling,Success,Success,
5/6/2013,2013,107,107,1,,0,10,Nestling,Success,Success,
5/7/2013,2013,107,107,1,,0,10,Nestling,Success,Success,
5/8/2013,2013,107,107,1,,0,10,Nestling,Success,Success,
5/9/2013,2013,107,107,1,,0,10,Nestling,Success,Success,
5/10/2013,2013,107,107,1,,0,10,Nestling,Success,Success,
5/12/2013,2013,107,107,1,,0,10,Nestling,Success,Success,
5/13/2013,2013,107,107,1,,0,10,Nestling,Success,Success,
5/14/2013,2013,107,107,1,fledged,0,10,Nestling,Success,Success,
5/11/2013,2013,110,110,1,,0,10,Incubation,Success,Success,
5/12/2013,2013,110,110,1,,0,10,Incubation,Success,Success,
5/13/2013,2013,110,110,1,,0,10,Incubation,Success,Success,
5/14/2013,2013,110,110,0,,0,0,Incubation,Success,Success,Camera died at 0527
5/15/2013,2013,110,110,0,,0,0,Incubation,Success,Success,turned off at 2320
5/16/2013,2013,110,110,0,,0,0,Incubation,Success,Success,
5/17/2013,2013,110,110,1,,0,10,Incubation,Success,Success,
5/18/2013,2013,110,110,1,,0,10,Incubation,Success,Success,
5/19/2013,2013,110,110,1,,0,10,Incubation,Success,Success,
5/20/2013,2013,110,110,1,,0,10,Incubation,Success,Success,
5/21/2013,2013,110,110,1,,0,10,Incubation,Success,Success,
5/22/2013,2013,110,110,1,,0,10,Incubation,Success,Success,
5/23/2013,2013,110,110,1,,0,10,Nestling,Success,Success,
5/24/2013,2013,110,110,1,,0,10,Nestling,Success,Success,
5/25/2013,2013,110,110,1,,0,10,Nestling,Success,Success,
5/26/2013,2013,110,110,1,,0,10,Nestling,Success,Success,
5/27/2013,2013,110,110,1,,0,10,Nestling,Success,Success,
5/28/2013,2013,110,110,1,,0,10,Nestling,Success,Success,
5/29/2013,2013,110,110,1,,0,10,Nestling,Success,Success,
5/30/2013,2013,110,110,1,,0,10,Nestling,Success,Success,
5/31/2013,2013,110,110,1,,0,10,Nestling,Success,Success,
6/1/2013,2013,110,110,1,,0,10,Nestling,Success,Success,
6/2/2013,2013,110,110,1,fledged,0,10,Nestling,Success,Success,
3/22/2013,2013,201,201,1,,0,10,Incubation,Success,Success,
3/23/2013,2013,201,201,1,,0,10,Incubation,Success,Success,
3/24/2013,2013,201,201,1,,0,10,Incubation,Success,Success,
3/25/2013,2013,201,201,1,,0,10,Incubation,Success,Success,
3/26/2013,2013,201,201,1,,0,10,Incubation,Success,Success,
3/27/2013,2013,201,201,1,,0,10,Incubation,Success,Success,
3/28/2013,2013,201,201,1,,0,10,Nestling,Success,Success,
3/30/2013,2013,201,201,1,,0,10,Nestling,Success,Success,
3/31/2013,2013,201,201,0,,0,0,Nestling,Success,Success,card deleted
4/1/2013,2013,201,201,1,,0,10,Nestling,Success,Success,
4/2/2013,2013,201,201,1,,0,10,Nestling,Success,Success,
4/3/2013,2013,201,201,1,,0,10,Nestling,Success,Success,
4/4/2013,2013,201,201,1,,0,10,Nestling,Success,Success,
4/5/2013,2013,201,201,0,,0,0,Nestling,Success,Success,no footage
4/6/2013,2013,201,201,1,,0,10,Nestling,Success,Success,
4/7/2013,2013,201,201,1,fledged,0,10,Nestling,Success,Success,
4/15/2013,2013,202,202,1,,0,10,Incubation,Raven,Native,
4/16/2013,2013,202,202,1,,0,10,Incubation,Raven,Native,
4/17/2013,2013,202,202,1,,0,10,Incubation,Raven,Native,
4/18/2013,2013,202,202,1,,0,10,Incubation,Raven,Native,
4/19/2013,2013,202,202,1,,0,10,Incubation,Raven,Native,
4/20/2013,2013,202,202,1,,0,10,Incubation,Raven,Native,
4/21/2013,2013,202,202,1,,0,10,Incubation,Raven,Native,
4/22/2013,2013,202,202,0,,0,0,Incubation,Raven,Native,last known video on the 21st
4/23/2013,2013,202,202,1,,0,10,Nestling,Raven,Native,
4/24/2013,2013,202,202,1,predated,1,11,Nestling,Raven,Native,
5/12/2013,2013,204,204,1,,0,10,Incubation,Success,Success,
5/13/2013,2013,204,204,1,,0,10,Nestling,Success,Success,
5/14/2013,2013,204,204,1,,0,10,Nestling,Success,Success,
5/15/2013,2013,204,204,1,,0,10,Nestling,Success,Success,
5/16/2013,2013,204,204,1,,0,10,Nestling,Success,Success,
5/17/2013,2013,204,204,1,,0,10,Nestling,Success,Success,
5/18/2013,2013,204,204,1,,0,10,Nestling,Success,Success,
5/19/2013,2013,204,204,1,,0,10,Nestling,Success,Success,
5/20/2013,2013,204,204,1,,0,10,Nestling,Success,Success,
5/21/2013,2013,204,204,1,,0,10,Nestling,Success,Success,
5/22/2013,2013,204,204,1,,0,10,Nestling,Success,Success,
5/23/2013,2013,204,204,1,,0,10,Nestling,Success,Success,
5/24/2013,2013,204,204,1,fledged,0,10,Nestling,Success,Success,
4/15/2013,2013,309,309,1,,0,10,Nestling,Success,Success,
4/16/2013,2013,309,309,1,,0,10,Nestling,Success,Success,
4/17/2013,2013,309,309,1,,0,10,Nestling,Success,Success,
4/18/2013,2013,309,309,1,,0,10,Nestling,Success,Success,
4/19/2013,2013,309,309,1,,0,10,Nestling,Success,Success,
4/20/2013,2013,309,309,1,,0,10,Nestling,Success,Success,
4/21/2013,2013,309,309,1,,0,10,Nestling,Success,Success,
4/22/2013,2013,309,309,1,,0,10,Nestling,Success,Success,
4/23/2013,2013,309,309,1,fledged,0,10,Nestling,Success,Success,
3/30/2013,2013,402,402,1,,0,10,Nestling,Fox,Native,
3/31/2013,2013,402,402,1,,0,10,Nestling,Fox,Native,
4/1/2013,2013,402,402,0,,0,0,Nestling,Fox,Native,No footage for this day
4/2/2013,2013,402,402,1,,0,10,Nestling,Fox,Native,
4/3/2013,2013,402,402,1,,0,10,Nestling,Fox,Native,
4/4/2013,2013,402,402,1,predated,1,11,Nestling,Fox,Native,
5/16/2013,2013,403,403,1,,0,10,Incubation,Success,Success,
5/17/2013,2013,403,403,1,,0,10,Incubation,Success,Success,
5/18/2013,2013,403,403,1,,0,10,Incubation,Success,Success,
5/19/2013,2013,403,403,0,,0,0,Incubation,Success,Success,No footage because of low battery
5/20/2013,2013,403,403,1,,0,10,Incubation,Success,Success,
5/21/2013,2013,403,403,1,,0,10,Incubation,Success,Success,
5/22/2013,2013,403,403,1,,0,10,Incubation,Success,Success,
5/23/2013,2013,403,403,1,,0,10,Incubation,Success,Success,
5/24/2013,2013,403,403,1,,0,10,Incubation,Success,Success,
5/25/2013,2013,403,403,1,,0,10,Nestling,Success,Success,
5/26/2013,2013,403,403,1,,0,10,Nestling,Success,Success,
5/27/2013,2013,403,403,1,,0,10,Nestling,Success,Success,
5/28/2013,2013,403,403,1,,0,10,Nestling,Success,Success,
5/29/2013,2013,403,403,1,,0,10,Nestling,Success,Success,
5/30/2013,2013,403,403,1,,0,10,Nestling,Success,Success,
5/31/2013,2013,403,403,1,,0,10,Nestling,Success,Success,
6/1/2013,2013,403,403,1,,0,10,Nestling,Success,Success,
6/2/2013,2013,403,403,1,fledged,0,10,Nestling,Success,Success,
5/16/2013,2013,405,405,1,,0,10,Incubation,Fox,Native,
5/17/2013,2013,405,405,1,,0,10,Incubation,Fox,Native,
5/18/2013,2013,405,405,1,,0,10,Incubation,Fox,Native,
5/19/2013,2013,405,405,1,,0,10,Incubation,Fox,Native,
5/20/2013,2013,405,405,1,predated,1,11,Incubation,Fox,Native,
3/30/2013,2013,504,504,1,,0,10,Incubation,Rat,Invasive,
3/31/2013,2013,504,504,1,,0,10,Incubation,Rat,Invasive,
4/1/2013,2013,504,504,1,,0,10,Nestling,Rat,Invasive,
4/2/2013,2013,504,504,1,,0,10,Nestling,Rat,Invasive,
4/3/2013,2013,504,504,1,,0,10,Nestling,Rat,Invasive,
4/4/2013,2013,504,504,1,,0,10,Nestling,Rat,Invasive,
4/5/2013,2013,504,504,1,,0,10,Nestling,Rat,Invasive,
4/6/2013,2013,504,504,1,,0,10,Nestling,Rat,Invasive,
4/7/2013,2013,504,504,1,,0,10,Nestling,Rat,Invasive,
4/8/2013,2013,504,504,1,,0,10,Nestling,Rat,Invasive,
4/9/2013,2013,504,504,1,,0,10,Nestling,Rat,Invasive,
4/10/2013,2013,504,504,1,predated,1,11,Nestling,Rat,Invasive,
3/25/2013,2013,509,509,1,,0,10,Incubation,Success,Success,
3/26/2013,2013,509,509,1,,0,10,Incubation,Success,Success,
3/27/2013,2013,509,509,1,,0,10,Nestling,Success,Success,
3/28/2013,2013,509,509,1,,0,10,Nestling,Success,Success,
3/29/2013,2013,509,509,1,,0,10,Nestling,Success,Success,
3/30/2013,2013,509,509,1,,0,10,Nestling,Success,Success,
3/31/2013,2013,509,509,1,,0,10,Nestling,Success,Success,
4/1/2013,2013,509,509,1,,0,10,Nestling,Success,Success,
4/2/2013,2013,509,509,1,,0,10,Nestling,Success,Success,
4/3/2013,2013,509,509,1,,0,10,Nestling,Success,Success,
4/6/2013,2013,509,509,1,,0,10,Nestling,Success,Success,Last known footage of nestlings in nest
4/7/2013,2013,509,509,0,,0,0,Nestling,Success,Success,camera wonky
4/8/2013,2013,509,509,0,,0,0,Nestling,Success,Success,camera wonky
4/9/2013,2013,509,509,1,fledged,0,10,Nestling,Success,Success,Nest empty. Checked nest on 4/10 and adults acting like young are around
3/25/2013,2013,510,510,1,,0,10,Incubation,Success,Success,
3/26/2013,2013,510,510,1,,0,10,Incubation,Success,Success,
3/27/2013,2013,510,510,1,,0,10,Incubation,Success,Success,
3/28/2013,2013,510,510,1,,0,10,Nestling,Success,Success,
3/29/2013,2013,510,510,1,,0,10,Nestling,Success,Success,
3/30/2013,2013,510,510,1,,0,10,Nestling,Success,Success,
3/31/2013,2013,510,510,1,,0,10,Nestling,Success,Success,
4/1/2013,2013,510,510,1,,0,10,Nestling,Success,Success,
4/2/2013,2013,510,510,1,,0,10,Nestling,Success,Success,
4/3/2013,2013,510,510,1,,0,10,Nestling,Success,Success,
4/4/2013,2013,510,510,1,,0,10,Nestling,Success,Success,
4/5/2013,2013,510,510,1,,0,10,Nestling,Success,Success,
4/6/2013,2013,510,510,1,,0,10,Nestling,Success,Success,
4/7/2013,2013,510,510,1,,0,10,Nestling,Success,Success,
4/8/2013,2013,510,510,1,fledged,0,10,Nestling,Success,Success,
5/11/2013,2013,515,515,1,,0,10,Incubation,INL,Native,
5/12/2013,2013,515,515,1,,0,10,Incubation,INL,Native,
5/13/2013,2013,515,515,1,,0,10,Nestling,INL,Native,
5/14/2013,2013,515,515,1,,0,10,Nestling,INL,Native,
5/15/2013,2013,515,515,1,,0,10,Nestling,INL,Native,
5/16/2013,2013,515,515,1,,0,10,Nestling,INL,Native,
5/17/2013,2013,515,515,1,,0,10,Nestling,INL,Native,
5/18/2013,2013,515,515,1,,0,10,Nestling,INL,Native,
5/19/2013,2013,515,515,1,,0,10,Nestling,INL,Native,
5/20/2013,2013,515,515,1,,0,10,Nestling,INL,Native,
5/21/2013,2013,515,515,1,predated,1,11,Nestling,INL,Native,
5/10/2013,2013,516,516,1,,0,10,Incubation,Rat,Invasive,
5/11/2013,2013,516,516,1,,0,10,Incubation,Rat,Invasive,
5/12/2013,2013,516,516,1,,0,10,Incubation,Rat,Invasive,
5/13/2013,2013,516,516,1,predated,1,11,Incubation,Rat,Invasive,
5/10/2013,2013,518,518,1,,0,10,Nestling,Success,Success,
5/11/2013,2013,518,518,1,,0,10,Nestling,Success,Success,
5/12/2013,2013,518,518,1,,0,10,Nestling,Success,Success,
5/13/2013,2013,518,518,1,,0,10,Nestling,Success,Success,
5/14/2013,2013,518,518,1,,0,10,Nestling,Success,Success,
5/15/2013,2013,518,518,1,,0,10,Nestling,Success,Success,
5/16/2013,2013,518,518,1,,0,10,Nestling,Success,Success,
5/17/2013,2013,518,518,1,,0,10,Nestling,Success,Success,
5/18/2013,2013,518,518,1,,0,10,Nestling,Success,Success,
5/19/2013,2013,518,518,1,,0,10,Nestling,Success,Success,
5/20/2013,2013,518,518,1,fledged,0,10,Nestling,Success,Success,
5/10/2013,2013,519,519,1,,0,10,Nestling,Success,Success,
5/11/2013,2013,519,519,1,,0,10,Nestling,Success,Success,
5/12/2013,2013,519,519,1,,0,10,Nestling,Success,Success,
5/13/2013,2013,519,519,1,,0,10,Nestling,Success,Success,
5/14/2013,2013,519,519,1,,0,10,Nestling,Success,Success,
5/15/2013,2013,519,519,1,,0,10,Nestling,Success,Success,
5/16/2013,2013,519,519,1,,0,10,Nestling,Success,Success,
5/17/2013,2013,519,519,1,,0,10,Nestling,Success,Success,
5/18/2013,2013,519,519,1,,0,10,Nestling,Success,Success,
5/19/2013,2013,519,519,1,,0,10,Nestling,Success,Success,
5/20/2013,2013,519,519,1,,0,10,Nestling,Success,Success,
5/21/2013,2013,519,519,1,,0,10,Nestling,Success,Success,
5/22/2013,2013,519,519,1,,0,10,Nestling,Success,Success,
5/23/2013,2013,519,519,1,,0,10,Nestling,Success,Success,
5/24/2013,2013,519,519,1,fledged,0,10,Nestling,Success,Success,
5/19/2013,2013,521,521,1,,0,10,Nestling,Success,Success,
5/20/2013,2013,521,521,1,,0,10,Nestling,Success,Success,
5/21/2013,2013,521,521,1,,0,10,Nestling,Success,Success,
5/22/2013,2013,521,521,1,,0,10,Nestling,Success,Success,"1 nestling dies in nest, no external cause.  Other nestlings still alive"
5/23/2013,2013,521,521,1,,0,10,Nestling,Success,Success,
5/24/2013,2013,521,521,1,,0,10,Nestling,Success,Success,
5/25/2013,2013,521,521,1,,0,10,Nestling,Success,Success,
5/26/2013,2013,521,521,1,,0,10,Nestling,Success,Success,
5/27/2013,2013,521,521,1,,0,10,Nestling,Success,Success,
5/28/2013,2013,521,521,1,fledged,0,10,Nestling,Success,Success,
